feature,shap_importance,gene
gyrA_S83L,0.35901517,gyrA
gyrA_V85F,0.18329428,gyrA
parC_L157V,0.1364429,parC
parC_S80C,0.108175665,parC
rpoB_C397R,0.10296504,rpoB
rpoB_Q380H,0.09843836,rpoB
phoQ_E473K,0.095372,phoQ
phoQ_T248S,0.07414746,phoQ
gyrB_L615F,0.072052374,gyrB
ompC_V201F,0.07190919,ompC
gyrA_A422P,0.07050455,gyrA
parC_N363Y,0.060581002,parC
ompC_T155P,0.060426954,ompC
thyA_S125P,0.056779526,thyA
parC_G107C,0.052574955,parC
gyrA_R615C,0.05235093,gyrA
parC_T202S,0.051747773,parC
parE_V39F,0.042796478,parE
phoQ_K172E,0.038956095,phoQ
robA_R119C,0.038580794,robA
ftsI_*143*,0.03756659,ftsI
gyrA_R722C,0.035298843,gyrA
gyrB_E680K,0.0339795,gyrB
ompC_G133R,0.03183015,ompC
robA_E195K,0.03161427,robA
robA_D269H,0.030643314,robA
parC_A471G,0.028917031,parC
ompF_N264H,0.02812204,ompF
tolC_Q473H,0.027644096,tolC
ompC_Q196E,0.026929406,ompC
gyrB_A224T,0.026867263,gyrB
gyrA_A421S,0.02599538,gyrA
phoP_S120C,0.024583125,phoP
ompF_A355T,0.02361777,ompF
folA_Q105H,0.023510946,folA
ompC_G203S,0.023368265,ompC
ompC_V127L,0.021432804,ompC
gyrB_D562Y,0.021346034,gyrB
ampC_D367A,0.020438468,ampC
thyA_L184F,0.020034686,thyA
parC_N669Y,0.018937854,parC
ompC_A99S,0.018141411,ompC
parE_L397F,0.01720236,parE
phoQ_L333F,0.016754594,phoQ
folP_G7R,0.016741496,folP
phoQ_N385Y,0.015705425,phoQ
parE_G244R,0.01570228,parE
phoP_Y179H,0.015666688,phoP
gyrA_L326F,0.015597405,gyrA
rpoB_S148R,0.01495408,rpoB
ompC_N88S,0.014569615,ompC
parE_L256M,0.014387506,parE
phoP_N69Y,0.014259095,phoP
gyrB_S558P,0.01370125,gyrB
phoP_G24R,0.0136744045,phoP
phoP_L129I,0.012893497,phoP
parE_D408Y,0.012871579,parE
pmrB_D111Y,0.012739041,pmrB
ompC_Y119H,0.012645771,ompC
robA_A203T,0.012645245,robA
ompF_V155I,0.012572233,ompF
folP_A128T,0.012564864,folP
gyrA_D678N,0.012363753,gyrA
ampC_A19P,0.012323174,ampC
parC_L714F,0.012294011,parC
ompF_G58C,0.012206065,ompF
gyrA_E507K,0.012136474,gyrA
folA_C104R,0.011966755,folA
gyrA_T777S,0.011684183,gyrA
rpoB_W623R,0.011509413,rpoB
gyrA_G547C,0.01102005,gyrA
ftsI_Q125H,0.010867424,ftsI
ompF_Y112F,0.010746109,ompF
parE_V44L,0.010663279,parE
gyrB_T778S,0.0106493095,gyrB
parE_V118M,0.01059155,parE
parE_T201P,0.01059131,parE
ompF_E51V,0.01051879,ompF
robA_A272T,0.010131173,robA
pmrB_A131T,0.010083525,pmrB
tolC_H248Q,0.010064631,tolC
pmrB_Y318F,0.009726014,pmrB
acrR_N98K,0.009496434,acrR
parE_R303C,0.009479226,parE
pmrB_L132V,0.009383959,pmrB
pmrB_G320R,0.009328135,pmrB
gyrB_S464P,0.00921226,gyrB
gyrA_A699P,0.009033633,gyrA
robA_S187R,0.008973165,robA
gyrB_R788C,0.008837433,gyrB
robA_Q20*,0.008536822,robA
parC_G685R,0.008224144,parC
gyrB_Q624K,0.008193829,gyrB
thyA_N211Y,0.008164918,thyA
acrR_L195F,0.00809828,acrR
ampC_T86A,0.008071553,ampC
parE_A383S,0.007956486,parE
pmrB_D286G,0.007825732,pmrB
gyrA_T654S,0.007805568,gyrA
ampC_N118H,0.0077454094,ampC
parE_R575C,0.007740425,parE
ampC_Q269E,0.007632482,ampC
ampC_G284C,0.007522169,ampC
parC_G579R,0.007330916,parC
ampC_Y360H,0.0071459655,ampC
parC_V244L,0.0070375586,parC
parE_Q360K,0.0069672964,parE
pmrB_A310T,0.0067554615,pmrB
gyrB_D73H,0.0067527927,gyrB
parE_N281H,0.0066090897,parE
parC_A469S,0.006546153,parC
ompF_G141R,0.0063736746,ompF
parC_G508C,0.006320628,parC
ftsI_*88Y,0.0062103085,ftsI
gyrA_T586P,0.0061024697,gyrA
gyrB_G684R,0.006028126,gyrB
phoP_H15Y,0.0060231495,phoP
gyrB_E185Q,0.0058035734,gyrB
ampC_E37*,0.0058027315,ampC
gyrB_A152S,0.0057169637,gyrB
folP_G124C,0.0057124896,folP
gyrA_T535S,0.0056485473,gyrA
acrR_E121D,0.0056268,acrR
gyrB_D210Y,0.005602608,gyrB
phoP_S187C,0.0055911313,phoP
parE_G50R,0.0055088345,parE
robA_E193K,0.0054913405,robA
gyrA_D429Y,0.005440223,gyrA
folP_R235C,0.005393959,folP
robA_T132S,0.005329726,robA
parC_E84V,0.005301163,parC
tolC_C349*,0.005201801,tolC
robA_P176T,0.0049779355,robA
ampC_R312H,0.0048066378,ampC
folP_N115H,0.0047221584,folP
gyrB_S571R,0.004697804,gyrB
phoQ_Q479K,0.0045891698,phoQ
rpoB_*877*,0.004551905,rpoB
gyrA_I379F,0.0045411894,gyrA
parC_E568K,0.004406957,parC
phoQ_E304K,0.0044008866,phoQ
ftsI_S164R,0.004259031,ftsI
gyrA_A486T,0.004187404,gyrA
robA_H128Y,0.0041814134,robA
pmrB_H5R,0.004099184,pmrB
phoQ_I366L,0.003966248,phoQ
gyrA_V540F,0.0038911954,gyrA
ompC_T135S,0.0038147287,ompC
phoQ_S349A,0.0037823084,phoQ
ampC_P229T,0.0037767736,ampC
ampC_V46M,0.0037667223,ampC
marR_I137L,0.0037447766,marR
ompC_G362R,0.0037038762,ompC
parC_R43G,0.0036591296,parC
parC_L689F,0.003640781,parC
thyA_T114S,0.0036319818,thyA
parE_N104H,0.0035592471,parE
parE_P234T,0.0034956725,parE
rpoB_H579Q,0.0034946895,rpoB
thyA_P104A,0.0034869644,thyA
parE_Q341E,0.0034838486,parE
ompC_N26Y,0.003396164,ompC
gyrB_N294Y,0.0033679383,gyrB
parC_L376V,0.0033573622,parC
robA_L251F,0.0033525852,robA
folP_E73A,0.0033463663,folP
gyrA_P215T,0.0032761134,gyrA
pmrB_T109S,0.0032721183,pmrB
gyrA_L492V,0.003271307,gyrA
thyA_D246Y,0.0032092703,thyA
gyrB_V325M,0.003195149,gyrB
ompC_G172R,0.0031772666,ompC
ompC_V106L,0.0031750763,ompC
robA_T213S,0.0030445044,robA
gyrB_V453F,0.0029334847,gyrB
gyrA_G151C,0.002920524,gyrA
gyrA_Y100H,0.0028523505,gyrA
parC_S80I,0.0028314574,parC
parC_V188M,0.002778469,parC
folP_G65R,0.0027586704,folP
parE_L589F,0.0027076267,parE
tolC_R233S,0.0026943574,tolC
ompC_A274T,0.002647944,ompC
gyrB_L776F,0.0025694524,gyrB
gyrA_D852Y,0.0025424506,gyrA
acrR_*73Y,0.0023730064,acrR
parC_A116T,0.0023642296,parC
parE_S347A,0.0023454367,parE
thyA_V170F,0.0023300904,thyA
ftsI_L192F,0.0022960075,ftsI
parE_L288F,0.002253722,parE
parE_E545K,0.002236284,parE
gyrB_R209C,0.002234866,gyrB
phoP_G53*,0.0021817314,phoP
phoQ_N377Y,0.0021706943,phoQ
gyrB_S347T,0.002148081,gyrB
rpsL_V63M,0.0021136107,rpsL
parE_V319L,0.0020556487,parE
gyrB_D622H,0.00205356,gyrB
phoP_frameshift_insertion_1bp_pos1189670,0.0020356555,phoP
pmrB_H119Y,0.0020344623,pmrB
parC_A194P,0.0019498011,parC
marR_*71C,0.0019478047,marR
phoP_T156P,0.0019418278,phoP
rpsL_G106C,0.0018851672,rpsL
phoP_G121R,0.0018310748,phoP
gyrA_D692Y,0.0018181184,gyrA
gyrA_A855S,0.0017624939,gyrA
phoQ_D150H,0.0017391397,phoQ
gyrB_P171T,0.0017258178,gyrB
parE_A436S,0.0016619894,parE
parC_A533S,0.0016438374,parC
robA_A91S,0.0016425718,robA
gyrB_K768E,0.0016372241,gyrB
tolC_M264I,0.0015866956,tolC
parE_D403H,0.0015705418,parE
gyrB_T165S,0.0015664605,gyrB
parC_R354C,0.0015653279,parC
parE_F354L,0.0015603007,parE
ompC_N47K,0.0015147281,ompC
pmrB_P297A,0.0014995127,pmrB
gyrA_G468R,0.0014933291,gyrA
rpoB_*887Y,0.001457761,rpoB
parE_S164R,0.0014361236,parE
parE_V560F,0.0014341671,parE
gyrB_D414H,0.0014082195,gyrB
phoQ_G417S,0.0013982081,phoQ
ampC_G222R,0.0013122179,ampC
gyrA_T522S,0.0012997501,gyrA
robA_I287F,0.0012829939,robA
parC_A64S,0.0012678455,parC
folP_N49Y,0.001241838,folP
gyrB_V651L,0.0011655485,gyrB
ftsI_*234*,0.0011465222,ftsI
folA_N101K,0.0011120029,folA
ftsI_*54*,0.0011073179,ftsI
ftsI_W322*,0.0010930415,ftsI
soxR_W110*,0.0010535648,soxR
robA_N252Y,0.0009924661,robA
ompC_G211R,0.0009921526,ompC
parE_N446Y,0.00095374166,parE
thyA_P254T,0.00093710906,thyA
phoP_S137P,0.0008362493,phoP
gyrB_R524C,0.000825796,gyrB
phoQ_T47P,0.00080847595,phoQ
soxR_L57F,0.0008022311,soxR
rpoB_Q1003H,0.0008007165,rpoB
gyrB_A384S,0.00079125114,gyrB
gyrA_A610S,0.00077369943,gyrA
ampC_T129P,0.00071764225,ampC
phoQ_S423C,0.0007008097,phoQ
parE_E413K,0.000671656,parE
parC_L285M,0.0006200161,parC
phoP_L176I,0.0005900431,phoP
gyrB_I375L,0.00058462564,gyrB
parE_A369T,0.0005539759,parE
parC_I228F,0.00053695624,parC
tolC_H181Q,0.00050359324,tolC
gyrB_D756Y,0.0004853089,gyrB
parE_S347T,0.00045602396,parE
folP_K279N,0.00044546224,folP
rpoB_Q312H,0.00040880693,rpoB
folP_A151P,0.00040858306,folP
robA_T200S,0.00037676463,robA
parC_P675A,0.00030553577,parC
gyrB_T245P,0.0001997751,gyrB
gyrA_V815M,0.00018720358,gyrA
parC_A108T,0.0,parC
gyrB_L470V,0.0,gyrB
gyrB_A770T,0.0,gyrB
gyrA_T258S,0.0,gyrA
phoQ_S12T,0.0,phoQ
parE_R72S,0.0,parE
ompC_I81F,0.0,ompC
phoQ_A22S,0.0,phoQ
gyrB_I802F,0.0,gyrB
parC_Q42K,0.0,parC
parC_T623S,0.0,parC
parC_K155E,0.0,parC
parC_T66S,0.0,parC
parC_C82R,0.0,parC
parE_V126L,0.0,parE
parC_K62E,0.0,parC
parC_T217P,0.0,parC
parC_H77Y,0.0,parC
parC_T178A,0.0,parC
parC_G171R,0.0,parC
parC_T150A,0.0,parC
parC_L165M,0.0,parC
parC_S50T,0.0,parC
gyrA_A759T,0.0,gyrA
phoQ_Q376K,0.0,phoQ
parE_L501M,0.0,parE
gyrA_I814F,0.0,gyrA
gyrA_T668S,0.0,gyrA
parE_R432C,0.0,parE
marR_W68C,0.0,marR
parC_S552C,0.0,parC
gyrA_T408A,0.0,gyrA
parE_P439A,0.0,parE
gyrA_D793Y,0.0,gyrA
gyrA_N224Y,0.0,gyrA
gyrB_A655P,0.0,gyrB
gyrB_P238T,0.0,gyrB
parC_R305C,0.0,parC
parC_N304Y,0.0,parC
parE_G276C,0.0,parE
parC_K368E,0.0,parC
parC_Q269E,0.0,parC
parC_N313Y,0.0,parC
ampC_E140K,0.0,ampC
parC_I299L,0.0,parC
parC_A317P,0.0,parC
gyrA_Q627K,0.0,gyrA
parC_K277E,0.0,parC
parC_L344R,0.0,parC
parC_N342Y,0.0,parC
gyrB_T175S,0.0,gyrB
parC_L10V,0.0,parC
parC_A219T,0.0,parC
parC_G515S,0.0,parC
gyrB_E656*,0.0,gyrB
parC_V358M,0.0,parC
parE_L488V,0.0,parE
parE_K484E,0.0,parE
gyrB_S334T,0.0,gyrB
folP_H208Y,0.0,folP
gyrB_L173F,0.0,gyrB
parE_A467S,0.0,parE
parE_P558T,0.0,parE
parC_D204H,0.0,parC
gyrA_A455P,0.0,gyrA
phoQ_E55K,0.0,phoQ
phoQ_P75T,0.0,phoQ
parE_T161P,0.0,parE
ompF_V40L,0.0,ompF
parE_T333P,0.0,parE
rpoB_N755K,0.0,rpoB
parC_I254F,0.0,parC
rpoB_H345Q,0.0,rpoB
gyrB_C476R,0.0,gyrB
parC_V544L,0.0,parC
parE_V521F,0.0,parE
ampC_N201Y,0.0,ampC
ampC_N214H,0.0,ampC
ampC_V225M,0.0,ampC
gyrA_A412T,0.0,gyrA
gyrB_I478F,0.0,gyrB
robA_A201T,0.0,robA
robA_Q220K,0.0,robA
ompF_G239R,0.0,ompF
parE_K189E,0.0,parE
ompF_D149Y,0.0,ompF
gyrA_G597R,0.0,gyrA
phoQ_R236C,0.0,phoQ
gyrA_T632P,0.0,gyrA
rpoB_N283K,0.0,rpoB
rpoB_C204*,0.0,rpoB
folP_G59C,0.0,folP
folP_V244F,0.0,folP
gyrB_A401S,0.0,gyrB
parC_L133M,0.0,parC
parC_Q152K,0.0,parC
gyrA_S810T,0.0,gyrA
gyrB_V372L,0.0,gyrB
gyrA_I390F,0.0,gyrA
gyrB_G733C,0.0,gyrB
gyrA_S689C,0.0,gyrA
parC_R361*,0.0,parC
parC_P181A,0.0,parC
gyrA_V361M,0.0,gyrA
parE_A491S,0.0,parE
parE_S493P,0.0,parE
parC_A317T,0.0,parC
gyrA_I590L,0.0,gyrA
parE_D530H,0.0,parE
phoP_T211S,0.0,phoP
ampC_S102I,0.0,ampC
gyrA_A457T,0.0,gyrA
folP_A66S,0.0,folP
gyrA_G613C,0.0,gyrA
ompC_N357K,0.0,ompC
parE_D289Y,0.0,parE
ompC_T243P,0.0,ompC
gyrA_D588Y,0.0,gyrA
soxR_V74L,0.0,soxR
folA_Q49H,0.0,folA
ftsI_*314*,0.0,ftsI
rpsL_G84C,0.0,rpsL
gyrA_D476Y,0.0,gyrA
gyrA_N585Y,0.0,gyrA
gyrA_S555A,0.0,gyrA
gyrB_D277Y,0.0,gyrB
gyrA_D294Y,0.0,gyrA
gyrA_T586A,0.0,gyrA
gyrA_G564W,0.0,gyrA
gyrA_A457P,0.0,gyrA
parC_N459S,0.0,parC
ompC_T72S,0.0,ompC
folP_F28L,0.0,folP
folP_A130V,0.0,folP
phoQ_S187R,0.0,phoQ
phoP_P206A,0.0,phoP
phoQ_A341S,0.0,phoQ
rpoB_*1094*,0.0,rpoB
phoQ_E336K,0.0,phoQ
gyrA_A353T,0.0,gyrA
robA_Q98K,0.0,robA
robA_A101S,0.0,robA
robA_S144C,0.0,robA
robA_E150K,0.0,robA
robA_L168F,0.0,robA
robA_G47C,0.0,robA
robA_D75Y,0.0,robA
ftsI_S564R,0.0,ftsI
robA_A207P,0.0,robA
robA_T124P,0.0,robA
parC_L125M,0.0,parC
phoQ_V146M,0.0,phoQ
parC_S57C,0.0,parC
parE_G394C,0.0,parE
parC_Q695L,0.0,parC
pmrB_T332A,0.0,pmrB
folA_W78*,0.0,folA
parE_G546C,0.0,parE
gyrB_V371M,0.0,gyrB
tolC_E318D,0.0,tolC
tolC_*377*,0.0,tolC
robA_L279V,0.0,robA
gyrA_R91C,0.0,gyrA
gyrA_A388T,0.0,gyrA
pmrB_I86F,0.0,pmrB
ampC_R325H,0.0,ampC
phoQ_K2I,0.0,phoQ
gyrB_G425R,0.0,gyrB
acrR_Y108*,0.0,acrR
ompF_T269S,0.0,ompF
ompF_A113P,0.0,ompF
gyrA_T408P,0.0,gyrA
phoQ_V373F,0.0,phoQ
gyrA_T658P,0.0,gyrA
ampC_A356S,0.0,ampC
gyrB_E131K,0.0,gyrB
phoQ_T244S,0.0,phoQ
gyrA_V704M,0.0,gyrA
parC_L451M,0.0,parC
gyrA_I528F,0.0,gyrA
parC_P162A,0.0,parC
parC_G53C,0.0,parC
gyrA_I198L,0.0,gyrA
marR_R53H,0.0,marR
parE_A406T,0.0,parE
folP_G250S,0.0,folP
gyrB_H237Y,0.0,gyrB
gyrB_A428T,0.0,gyrB
folP_I253F,0.0,folP
ampC_G175C,0.0,ampC
ampC_S185R,0.0,ampC
ampC_E187K,0.0,ampC
gyrB_G77C,0.0,gyrB
marR_A103T,0.0,marR
parC_I346F,0.0,parC
parC_D283Y,0.0,parC
tolC_L269V,0.0,tolC
gyrA_H262Y,0.0,gyrA
gyrA_V190F,0.0,gyrA
ampC_P160S,0.0,ampC
parE_P327T,0.0,parE
gyrB_A772P,0.0,gyrB
robA_T89S,0.0,robA
gyrA_D867Y,0.0,gyrA
folP_F4Y,0.0,folP
gyrB_A705T,0.0,gyrB
ampC_V294L,0.0,ampC
tolC_*370*,0.0,tolC
gyrA_A175S,0.0,gyrA
gyrA_V146I,0.0,gyrA
gyrA_V385M,0.0,gyrA
gyrA_E871K,0.0,gyrA
folP_P80A,0.0,folP
parC_A680T,0.0,parC
ampC_S80T,0.0,ampC
gyrA_D375H,0.0,gyrA
gyrB_T627S,0.0,gyrB
gyrB_T653I,0.0,gyrB
gyrB_P662T,0.0,gyrB
gyrB_N801H,0.0,gyrB
ampC_A95T,0.0,ampC
gyrB_A397T,0.0,gyrB
parC_R455H,0.0,parC
gyrA_D445H,0.0,gyrA
parC_L257M,0.0,parC
rpoB_S472R,0.0,rpoB
rpoB_W633*,0.0,rpoB
gyrA_G514R,0.0,gyrA
gyrA_V312F,0.0,gyrA
thyA_G91R,0.0,thyA
gyrA_A271S,0.0,gyrA
gyrA_G858R,0.0,gyrA
gyrA_G740C,0.0,gyrA
gyrA_V737M,0.0,gyrA
gyrB_G435R,0.0,gyrB
gyrB_D459H,0.0,gyrB
pmrB_T238N,0.0,pmrB
parC_T607S,0.0,parC
parE_N208H,0.0,parE
pmrB_S32C,0.0,pmrB
ampC_L147F,0.0,ampC
gyrA_G288C,0.0,gyrA
folP_Q226K,0.0,folP
robA_G222C,0.0,robA
parC_G35R,0.0,parC
phoQ_P241S,0.0,phoQ
gyrB_A800T,0.0,gyrB
rpoB_*1098*,0.0,rpoB
parE_N299H,0.0,parE
parE_Q211E,0.0,parE
gyrA_I223L,0.0,gyrA
gyrA_D849H,0.0,gyrA
gyrA_L533M,0.0,gyrA
ompC_S295T,0.0,ompC
gyrB_I663M,0.0,gyrB
gyrB_Q721K,0.0,gyrB
phoQ_G329C,0.0,phoQ
pmrB_S12T,0.0,pmrB
parC_N395H,0.0,parC
parC_N385H,0.0,parC
parC_A159S,0.0,parC
folP_A40P,0.0,folP
parE_A489T,0.0,parE
parC_V612M,0.0,parC
ampC_G79R,0.0,ampC
parC_R124W,0.0,parC
pmrB_D315Y,0.0,pmrB
gyrA_L824F,0.0,gyrA
parE_P196A,0.0,parE
parE_A61P,0.0,parE
ompF_G172C,0.0,ompF
ompF_A215P,0.0,ompF
ftsI_R233S,0.0,ftsI
gyrB_A796S,0.0,gyrB
gyrA_P608T,0.0,gyrA
gyrB_E661K,0.0,gyrB
ftsI_H345Q,0.0,ftsI
folP_A241S,0.0,folP
folP_H252Y,0.0,folP
folP_A247S,0.0,folP
parC_Q198K,0.0,parC
gyrA_K603E,0.0,gyrA
gyrA_N621Y,0.0,gyrA
gyrA_Y605H,0.0,gyrA
phoQ_R6H,0.0,phoQ
tolC_Q113H,0.0,tolC
tolC_S124R,0.0,tolC
parC_Q91E,0.0,parC
gyrB_T754P,0.0,gyrB
parE_V130M,0.0,parE
gyrA_L424V,0.0,gyrA
rpoB_L253F,0.0,rpoB
ompC_frameshift_insertion_2bp_pos2295555,0.0,ompC
gyrA_V822M,0.0,gyrA
ftsI_D384E,0.0,ftsI
ompC_T348P,0.0,ompC
gyrB_I792L,0.0,gyrB
pmrB_R96S,0.0,pmrB
pmrB_V80F,0.0,pmrB
pmrB_E126*,0.0,pmrB
pmrB_R313S,0.0,pmrB
gyrA_E626K,0.0,gyrA
ompC_frameshift_deletion_2bp_pos2295547,0.0,ompC
gyrB_L422M,0.0,gyrB
phoQ_L114M,0.0,phoQ
ompC_V106M,0.0,ompC
gyrA_L489F,0.0,gyrA
phoQ_N117H,0.0,phoQ
gyrA_D800H,0.0,gyrA
gyrA_V307L,0.0,gyrA
ompF_E306Q,0.0,ompF
gyrA_I578F,0.0,gyrA
gyrB_D207Y,0.0,gyrB
rpoB_S988R,0.0,rpoB
gyrA_D791Y,0.0,gyrA
folA_C54R,0.0,folA
ftsI_W252*,0.0,ftsI
gyrA_T366P,0.0,gyrA
soxR_P38R,0.0,soxR
ompF_N52K,0.0,ompF
ompF_T298S,0.0,ompF
gyrB_D74Y,0.0,gyrB
gyrB_S70P,0.0,gyrB
gyrB_D639Y,0.0,gyrB
parC_E130K,0.0,parC
gyrB_L420M,0.0,gyrB
folP_G31R,0.0,folP
pmrB_L228F,0.0,pmrB
soxR_L59F,0.0,soxR
pmrB_P273T,0.0,pmrB
robA_T213P,0.0,robA
phoQ_E396K,0.0,phoQ
gyrA_A136S,0.0,gyrA
marR_V3E,0.0,marR
gyrB_G284C,0.0,gyrB
gyrB_T292S,0.0,gyrB
folP_S94A,0.0,folP
gyrA_P265S,0.0,gyrA
tolC_*272*,0.0,tolC
gyrA_I332F,0.0,gyrA
phoQ_V198M,0.0,phoQ
folP_V216M,0.0,folP
parE_N410Y,0.0,parE
parC_S658R,0.0,parC
gyrB_S759R,0.0,gyrB
ftsI_H425Q,0.0,ftsI
gyrA_S111P,0.0,gyrA
thyA_F62L,0.0,thyA
parE_R178*,0.0,parE
gyrA_A526P,0.0,gyrA
pmrB_A291P,0.0,pmrB
parE_G282R,0.0,parE
robA_L178F,0.0,robA
robA_P172T,0.0,robA
robA_Y198H,0.0,robA
robA_A203S,0.0,robA
robA_N182H,0.0,robA
parE_Y482H,0.0,parE
parE_T14S,0.0,parE
tolC_S423R,0.0,tolC
pmrB_A162S,0.0,pmrB
gyrB_V122L,0.0,gyrB
ompF_V314L,0.0,ompF
gyrB_V349I,0.0,gyrB
ampC_I300M,0.0,ampC
ampC_V194F,0.0,ampC
gyrB_R387C,0.0,gyrB
parC_M241L,0.0,parC
phoQ_A153T,0.0,phoQ
gyrA_E505K,0.0,gyrA
parE_S458T,0.0,parE
gyrB_Q556K,0.0,gyrB
tolC_V104E,0.0,tolC
gyrA_T363S,0.0,gyrA
gyrB_A408P,0.0,gyrB
phoP_Y98H,0.0,phoP
phoP_D29Y,0.0,phoP
gyrA_D310H,0.0,gyrA
phoQ_N389H,0.0,phoQ
gyrA_E662K,0.0,gyrA
phoQ_E369K,0.0,phoQ
phoQ_E381K,0.0,phoQ
phoP_D58Y,0.0,phoP
rpoB_S1222R,0.0,rpoB
folP_K146E,0.0,folP
phoQ_A482T,0.0,phoQ
parE_A512T,0.0,parE
parE_E335K,0.0,parE
thyA_G251S,0.0,thyA
gyrA_R725C,0.0,gyrA
gyrA_G727R,0.0,gyrA
parC_R296C,0.0,parC
tolC_C401R,0.0,tolC
gyrA_L317F,0.0,gyrA
pmrB_N145Y,0.0,pmrB
ompC_V117I,0.0,ompC
ompC_F109L,0.0,ompC
parE_P472T,0.0,parE
rpoB_Y469*,0.0,rpoB
gyrB_E711K,0.0,gyrB
parE_L391M,0.0,parE
phoP_P55S,0.0,phoP
parC_I555L,0.0,parC
phoQ_A23T,0.0,phoQ
phoQ_V35F,0.0,phoQ
ftsI_F332V,0.0,ftsI
gyrB_G475C,0.0,gyrB
gyrA_L463F,0.0,gyrA
parC_G528R,0.0,parC
ompF_F45L,0.0,ompF
parC_D475N,0.0,parC
rpoB_M1214I,0.0,rpoB
phoQ_L19M,0.0,phoQ
parE_S451P,0.0,parE
gyrB_G211C,0.0,gyrB
thyA_G197R,0.0,thyA
pmrB_S130T,0.0,pmrB
ampC_Q116K,0.0,ampC
marR_W84C,0.0,marR
gyrA_T654A,0.0,gyrA
rpoB_S894R,0.0,rpoB
pmrB_S192C,0.0,pmrB
thyA_D66Y,0.0,thyA
ompF_V354I,0.0,ompF
ompF_D129H,0.0,ompF
gyrA_I774F,0.0,gyrA
folA_*72Y,0.0,folA
phoQ_T84S,0.0,phoQ
gyrA_N780Y,0.0,gyrA
gyrB_D66H,0.0,gyrB
rpoB_W671C,0.0,rpoB
thyA_I112F,0.0,thyA
thyA_N87Y,0.0,thyA
gyrB_P171S,0.0,gyrB
thyA_T47P,0.0,thyA
ompF_F118L,0.0,ompF
ompF_D119H,0.0,ompF
ompF_G121C,0.0,ompF
gyrA_R237C,0.0,gyrA
pmrB_P115S,0.0,pmrB
gyrA_V540I,0.0,gyrA
ompF_A108T,0.0,ompF
folP_P123T,0.0,folP
ompF_L110V,0.0,ompF
gyrB_I250L,0.0,gyrB
ampC_A334T,0.0,ampC
soxR_N115K,0.0,soxR
ampC_V88M,0.0,ampC
ompF_T103S,0.0,ompF
gyrB_P274T,0.0,gyrB
gyrB_A632T,0.0,gyrB
folA_M142I,0.0,folA
parC_V144M,0.0,parC
parC_T410S,0.0,parC
pmrB_S141N,0.0,pmrB
phoQ_L5M,0.0,phoQ
gyrB_A604S,0.0,gyrB
gyrB_V308F,0.0,gyrB
ompC_G63R,0.0,ompC
ompC_G60C,0.0,ompC
ampC_G132C,0.0,ampC
gyrA_R630S,0.0,gyrA
gyrA_G442C,0.0,gyrA
gyrA_A252T,0.0,gyrA
gyrB_T366S,0.0,gyrB
gyrB_E623K,0.0,gyrB
thyA_Q39E,0.0,thyA
ampC_V225L,0.0,ampC
thyA_D205Y,0.0,thyA
gyrB_E703Q,0.0,gyrB
ompC_V38L,0.0,ompC
rplD_T131P,0.0,rplD
folA_W78C,0.0,folA
gyrA_A633P,0.0,gyrA
gyrB_G694R,0.0,gyrB
soxR_W70*,0.0,soxR
gyrB_V501F,0.0,gyrB
pmrB_A291S,0.0,pmrB
gyrB_V252F,0.0,gyrB
gyrB_A288T,0.0,gyrB
pmrB_A288T,0.0,pmrB
gyrA_G566R,0.0,gyrA
gyrB_P533T,0.0,gyrB
gyrA_I619F,0.0,gyrA
gyrB_S492N,0.0,gyrB
pmrB_R96G,0.0,pmrB
folP_A128S,0.0,folP
folP_L134V,0.0,folP
folP_C137R,0.0,folP
phoQ_G359W,0.0,phoQ
parC_K247E,0.0,parC
parC_V369F,0.0,parC
gyrB_D248Y,0.0,gyrB
parC_Q481*,0.0,parC
parE_L270V,0.0,parE
pmrB_I73L,0.0,pmrB
gyrA_T519P,0.0,gyrA
parE_Q148K,0.0,parE
soxR_C148*,0.0,soxR
parE_V76M,0.0,parE
gyrA_V248M,0.0,gyrA
gyrA_A523S,0.0,gyrA
gyrA_L543F,0.0,gyrA
phoP_P45S,0.0,phoP
gyrB_T392S,0.0,gyrB
gyrA_I182F,0.0,gyrA
gyrA_P35A,0.0,gyrA
folA_*40*,0.0,folA
gyrA_V604L,0.0,gyrA
ompF_S350P,0.0,ompF
folP_P64A,0.0,folP
ompF_D352Y,0.0,ompF
ompC_A226D,0.0,ompC
folP_I117F,0.0,folP
ampC_N260T,0.0,ampC
pmrB_L36V,0.0,pmrB
tolC_S63R,0.0,tolC
phoQ_R245G,0.0,phoQ
parE_G197C,0.0,parE
ampC_Q155K,0.0,ampC
gyrA_H471Y,0.0,gyrA
ompC_Q70K,0.0,ompC
ampC_K40R,0.0,ampC
phoQ_T84A,0.0,phoQ
ompF_Q222E,0.0,ompF
ftsI_S366R,0.0,ftsI
pmrB_I21F,0.0,pmrB
parE_A457P,0.0,parE
ampC_L257R,0.0,ampC
ampC_Q265E,0.0,ampC
ampC_D304G,0.0,ampC
gyrB_G540C,0.0,gyrB
gyrB_A618P,0.0,gyrB
ampC_V342F,0.0,ampC
phoP_L52V,0.0,phoP
robA_L283M,0.0,robA
parE_V450F,0.0,parE
parE_H462Y,0.0,parE
robA_P286S,0.0,robA
tolC_H150Q,0.0,tolC
ompF_T269I,0.0,ompF
phoQ_L257F,0.0,phoQ
gyrA_I485F,0.0,gyrA
ompC_T324S,0.0,ompC
phoP_P102T,0.0,phoP
folA_S76R,0.0,folA
parE_K158E,0.0,parE
ampC_T4M,0.0,ampC
parE_R378C,0.0,parE
mgrB_V8A,0.0,mgrB
ampC_T332A,0.0,ampC
gyrA_Q749E,0.0,gyrA
gyrA_P636A,0.0,gyrA
ampC_S298I,0.0,ampC
rpoB_*717Y,0.0,rpoB
parE_L194F,0.0,parE
gyrA_V240M,0.0,gyrA
gyrA_G255S,0.0,gyrA
parC_R710C,0.0,parC
tolC_C91R,0.0,tolC
