feature,shap_importance,feature_type
TEM-4,0.5712698,Tier2+Tier1B
qacEdelta1,0.41281122,Tier2+Tier1B
blaOXA-1,0.24789806,Tier2+Tier1B
gyrA_V85F,0.18710665,Tier2+Tier1B
emrK,0.13236001,Tier2+Tier1B
blaTEM-1,0.105226144,Tier2+Tier1B
parE_L397F,0.08377632,Tier2+Tier1B
parC_V244L,0.06912463,Tier2+Tier1B
parC_S658R,0.061199684,Tier2+Tier1B
OXA-1,0.058808926,Tier2+Tier1B
tet(A)_4,0.05219823,Tier2+Tier1B
gyrB_A705T,0.051899616,Tier2+Tier1B
phoP_T156P,0.05011763,Tier2+Tier1B
merR,0.046807438,Tier2+Tier1B
gyrA_T654S,0.044278167,Tier2+Tier1B
ompC_G133R,0.04297861,Tier2+Tier1B
merT,0.042352747,Tier2+Tier1B
tet(B)_4,0.041387234,Tier2+Tier1B
robA_E195K,0.037351962,Tier2+Tier1B
gyrB_V651L,0.036521457,Tier2+Tier1B
robA_H128Y,0.03650068,Tier2+Tier1B
mphA,0.03516592,Tier2+Tier1B
sul1,0.03452528,Tier2+Tier1B
pmrB_P273T,0.031989373,Tier2+Tier1B
parC_S80I,0.031941094,Tier2+Tier1B
phoQ_L333F,0.031112356,Tier2+Tier1B
aadA1_1,0.030419616,Tier2+Tier1B
evgS,0.030222496,Tier2+Tier1B
blaOXA-1_1,0.029382411,Tier2+Tier1B
ampC_S298I,0.028387291,Tier2+Tier1B
ompF_V40L,0.028143568,Tier2+Tier1B
parC_E84V,0.028077865,Tier2+Tier1B
phoQ_V373F,0.027585307,Tier2+Tier1B
blaTEM-1B_1,0.026651602,Tier2+Tier1B
phoP_S120C,0.02576978,Tier2+Tier1B
robA_E193K,0.025633425,Tier2+Tier1B
phoQ_E473K,0.02522194,Tier2+Tier1B
PmrE,0.02394366,Tier2+Tier1B
ompC_Y119H,0.02245677,Tier2+Tier1B
tolC_H248Q,0.022127109,Tier2+Tier1B
marR_V3E,0.022051668,Tier2+Tier1B
dfrA7,0.021783665,Tier2+Tier1B
evgA,0.021391494,Tier2+Tier1B
phoP_L129I,0.021331262,Tier2+Tier1B
mdtM,0.021026593,Tier2+Tier1B
dfrA5,0.020287713,Tier2+Tier1B
ariR,0.02026383,Tier2+Tier1B
aph(3'')-Ib,0.02014424,Tier2+Tier1B
tet(B),0.020014975,Tier2+Tier1B
APH(3'')-Ib,0.019930733,Tier2+Tier1B
tet(A),0.01924762,Tier2+Tier1B
blaTEM-1C_5,0.019019136,Tier2+Tier1B
thyA_S125P,0.018826082,Tier2+Tier1B
silP,0.018622037,Tier2+Tier1B
dfrA1,0.018225687,Tier2+Tier1B
pmrB_L228F,0.017969672,Tier2+Tier1B
sul1_2,0.017671078,Tier2+Tier1B
gyrB_A152S,0.01736965,Tier2+Tier1B
ompC_G211R,0.017269164,Tier2+Tier1B
gyrA_L824F,0.016977804,Tier2+Tier1B
robA_L279V,0.016965115,Tier2+Tier1B
parC_G107C,0.016667325,Tier2+Tier1B
gyrA_T658P,0.016435388,Tier2+Tier1B
mdtM.1,0.016267927,Tier2+Tier1B
parE_Y482H,0.016220694,Tier2+Tier1B
gyrA_R722C,0.016193625,Tier2+Tier1B
emrE,0.015782831,Tier2+Tier1B
pmrB_N145Y,0.015682379,Tier2+Tier1B
rpoB_L253F,0.015405589,Tier2+Tier1B
ampC_G284C,0.015329334,Tier2+Tier1B
gyrA_L317F,0.015186444,Tier2+Tier1B
parE_R178*,0.015170112,Tier2+Tier1B
parE_V319L,0.015124399,Tier2+Tier1B
phoQ_N385Y,0.014911133,Tier2+Tier1B
CTX-M-15,0.014866011,Tier2+Tier1B
gyrA_T654A,0.014679615,Tier2+Tier1B
robA_T213S,0.01466065,Tier2+Tier1B
APH(6)-Id,0.014399788,Tier2+Tier1B
tolC_C401R,0.014302421,Tier2+Tier1B
gyrB_D74Y,0.013937546,Tier2+Tier1B
gyrB_E680K,0.013195321,Tier2+Tier1B
ompC_T155P,0.01319268,Tier2+Tier1B
gyrB_D210Y,0.012798162,Tier2+Tier1B
silB,0.01273426,Tier2+Tier1B
ompC_G362R,0.012498909,Tier2+Tier1B
ompC_Q70K,0.012495714,Tier2+Tier1B
tet(D),0.0124711525,Tier2+Tier1B
gyrB_L615F,0.012468644,Tier2+Tier1B
strA_4,0.012079869,Tier2+Tier1B
gyrB_S70P,0.012036594,Tier2+Tier1B
sul2_2,0.012026224,Tier2+Tier1B
rpoB_N755K,0.011752594,Tier2+Tier1B
merP,0.0117173735,Tier2+Tier1B
gyrA_T777S,0.011591121,Tier2+Tier1B
parE_N446Y,0.011577851,Tier2+Tier1B
aadA5,0.011522506,Tier2+Tier1B
gyrA_G597R,0.0114881005,Tier2+Tier1B
gyrB_T778S,0.01134226,Tier2+Tier1B
ftsI_L192F,0.011307233,Tier2+Tier1B
ampC_G222R,0.011268404,Tier2+Tier1B
ompC_T135S,0.011221919,Tier2+Tier1B
SAT-1,0.011136663,Tier2+Tier1B
gyrB_D248Y,0.011033109,Tier2+Tier1B
parC_L157V,0.010786831,Tier2+Tier1B
gyrB_T245P,0.010783531,Tier2+Tier1B
parE_N281H,0.010745683,Tier2+Tier1B
parE_V560F,0.010520695,Tier2+Tier1B
thyA_P254T,0.010369611,Tier2+Tier1B
folP_R235C,0.0103273485,Tier2+Tier1B
folP_A128T,0.010185198,Tier2+Tier1B
pmrB_L132V,0.010178166,Tier2+Tier1B
mdtN,0.010152756,Tier2+Tier1B
gyrA_S83L,0.0101334,Tier2+Tier1B
tolC_C349*,0.010033906,Tier2+Tier1B
pmrB_A310T,0.00999153,Tier2+Tier1B
ftsI_S164R,0.0099155875,Tier2+Tier1B
dfrA1_1,0.009836489,Tier2+Tier1B
robA_T213P,0.009827963,Tier2+Tier1B
dfrA17,0.009730758,Tier2+Tier1B
sul2,0.009653886,Tier2+Tier1B
ompF_D149Y,0.009288457,Tier2+Tier1B
gyrA_A610S,0.009270055,Tier2+Tier1B
merC,0.009169043,Tier2+Tier1B
thyA_T114S,0.008960582,Tier2+Tier1B
phoQ_K172E,0.00890778,Tier2+Tier1B
gyrB_A224T,0.008769943,Tier2+Tier1B
folP_K146E,0.008725027,Tier2+Tier1B
gyrB_D562Y,0.008512508,Tier2+Tier1B
gyrA_D692Y,0.008420936,Tier2+Tier1B
robA_P286S,0.008420524,Tier2+Tier1B
phoP_D58Y,0.008382457,Tier2+Tier1B
aadA1,0.008346472,Tier2+Tier1B
parE_A383S,0.008339938,Tier2+Tier1B
gyrB_L422M,0.008330523,Tier2+Tier1B
ompC_V127L,0.00826463,Tier2+Tier1B
gyrA_P636A,0.0081617655,Tier2+Tier1B
arsD,0.008052266,Tier2+Tier1B
gyrA_R615C,0.007992211,Tier2+Tier1B
blaEC-5,0.007809829,Tier2+Tier1B
parE_R303C,0.0077682706,Tier2+Tier1B
sul2.1,0.007746359,Tier2+Tier1B
tolC_Q473H,0.0077021853,Tier2+Tier1B
gyrA_E662K,0.00768309,Tier2+Tier1B
blaCTX-M-15_23,0.0075943824,Tier2+Tier1B
aac(3)-IId_1,0.007404445,Tier2+Tier1B
gyrA_Y100H,0.007371428,Tier2+Tier1B
ompC_V201F,0.007288249,Tier2+Tier1B
pmrB_A131T,0.0071811243,Tier2+Tier1B
SHV-102,0.0071417354,Tier2+Tier1B
gyrA_L492V,0.0071288347,Tier2+Tier1B
folP_G7R,0.007033499,Tier2+Tier1B
acrR_*73Y,0.0069730063,Tier2+Tier1B
parC_A680T,0.0068960674,Tier2+Tier1B
gyrA_D678N,0.006868272,Tier2+Tier1B
ampC_G132C,0.0068388367,Tier2+Tier1B
aph(6)-Id,0.006801387,Tier2+Tier1B
parE_V39F,0.0067963256,Tier2+Tier1B
gyrB_A796S,0.006645949,Tier2+Tier1B
Mrx,0.006604712,Tier2+Tier1B
pcoD,0.0065294816,Tier2+Tier1B
folP_E73A,0.0065283515,Tier2+Tier1B
dfrA14,0.006138564,Tier2+Tier1B
parE_Q341E,0.00610828,Tier2+Tier1B
gyrA_D429Y,0.0060157664,Tier2+Tier1B
ompC_V106L,0.0060067894,Tier2+Tier1B
ampC_V46M,0.006006563,Tier2+Tier1B
parE_T201P,0.005995223,Tier2+Tier1B
parE_A457P,0.0059424117,Tier2+Tier1B
gyrB_R209C,0.0059370236,Tier2+Tier1B
phoP_N69Y,0.005871961,Tier2+Tier1B
gyrB_S759R,0.0058673383,Tier2+Tier1B
emrY,0.005861615,Tier2+Tier1B
gyrB_A618P,0.005756298,Tier2+Tier1B
parC_A194P,0.005716538,Tier2+Tier1B
ampC_N118H,0.0056964443,Tier2+Tier1B
ompF_G141R,0.005687357,Tier2+Tier1B
ompC_G60C,0.0056759645,Tier2+Tier1B
sul2_3,0.005674152,Tier2+Tier1B
gyrA_G151C,0.005632741,Tier2+Tier1B
ftsI_*88Y,0.0055809626,Tier2+Tier1B
rpoB_*887Y,0.0055620805,Tier2+Tier1B
robA_N182H,0.005538992,Tier2+Tier1B
parC_L714F,0.005522453,Tier2+Tier1B
CRP,0.005457326,Tier2+Tier1B
gyrB_Q624K,0.005325692,Tier2+Tier1B
ompC_G203S,0.005295835,Tier2+Tier1B
parC_E568K,0.0052503524,Tier2+Tier1B
gyrA_T668S,0.005224238,Tier2+Tier1B
gyrA_D852Y,0.0051822895,Tier2+Tier1B
dfrA1_30,0.005138006,Tier2+Tier1B
folP_G59C,0.005114749,Tier2+Tier1B
acrR_L195F,0.0050794585,Tier2+Tier1B
parC_P675A,0.005051815,Tier2+Tier1B
gyrA_P215T,0.0050246324,Tier2+Tier1B
rpoB_Q380H,0.005024524,Tier2+Tier1B
catI,0.00499043,Tier2+Tier1B
parC_G579R,0.0049568047,Tier2+Tier1B
gyrA_L489F,0.004938056,Tier2+Tier1B
APH(3')-Ia,0.004922165,Tier2+Tier1B
rpoB_C397R,0.004838249,Tier2+Tier1B
ampC_A19P,0.00482929,Tier2+Tier1B
ompC_T324S,0.0047815484,Tier2+Tier1B
parE_D403H,0.0047786804,Tier2+Tier1B
parE_G197C,0.004768406,Tier2+Tier1B
robA_D269H,0.0047284267,Tier2+Tier1B
aadA,0.0046846354,Tier2+Tier1B
gyrA_T408P,0.0046408824,Tier2+Tier1B
blaTEM-1A_4,0.004555597,Tier2+Tier1B
ampC_E140K,0.0045263614,Tier2+Tier1B
phoQ_E304K,0.0044709262,Tier2+Tier1B
parE_T333P,0.0044706794,Tier2+Tier1B
phoQ_N389H,0.0044573657,Tier2+Tier1B
pcoR,0.0044221273,Tier2+Tier1B
parE_D408Y,0.004406825,Tier2+Tier1B
gyrA_V815M,0.0043709613,Tier2+Tier1B
parC_L689F,0.004370194,Tier2+Tier1B
gyrB_D73H,0.004363477,Tier2+Tier1B
folA_C54R,0.0042919233,Tier2+Tier1B
ampC_D367A,0.0042819036,Tier2+Tier1B
gyrB_I792L,0.0042220955,Tier2+Tier1B
gyrA_T535S,0.0042214813,Tier2+Tier1B
pmrB_G320R,0.004208641,Tier2+Tier1B
gyrA_E507K,0.004158158,Tier2+Tier1B
parC_T202S,0.0040699113,Tier2+Tier1B
gyrB_A384S,0.004047106,Tier2+Tier1B
gyrA_T632P,0.003987026,Tier2+Tier1B
aadA5_1,0.0038272927,Tier2+Tier1B
phoQ_A482T,0.003807263,Tier2+Tier1B
folP_P123T,0.003749685,Tier2+Tier1B
tolC_R233S,0.0037007856,Tier2+Tier1B
gyrA_I590L,0.003699255,Tier2+Tier1B
parC_N363Y,0.0036776352,Tier2+Tier1B
ompF_T269I,0.0036637927,Tier2+Tier1B
qacL,0.0036410855,Tier2+Tier1B
folP_G124C,0.0036339911,Tier2+Tier1B
parC_V144M,0.0036167798,Tier2+Tier1B
pcoE,0.003602009,Tier2+Tier1B
gyrB_G684R,0.0035679995,Tier2+Tier1B
gyrB_P171S,0.0035006036,Tier2+Tier1B
phoQ_T84S,0.0034882827,Tier2+Tier1B
parE_G276C,0.0034714402,Tier2+Tier1B
gyrA_P35A,0.0034649973,Tier2+Tier1B
gyrB_S464P,0.0034397861,Tier2+Tier1B
tet(A).1,0.0034202526,Tier2+Tier1B
parE_H462Y,0.0034194961,Tier2+Tier1B
pmrB_S130T,0.0034069747,Tier2+Tier1B
gyrB_T754P,0.0033607653,Tier2+Tier1B
phoP_L52V,0.0033402548,Tier2+Tier1B
aac(3)-IId,0.0033394583,Tier2+Tier1B
parC_A317T,0.0033381279,Tier2+Tier1B
robA_P176T,0.003320589,Tier2+Tier1B
pmrB_T109S,0.0033055078,Tier2+Tier1B
tet(D)_1,0.0032521032,Tier2+Tier1B
robA_R119C,0.003235101,Tier2+Tier1B
silA,0.0032288032,Tier2+Tier1B
parE_R575C,0.0031906522,Tier2+Tier1B
gyrA_A633P,0.0031642076,Tier2+Tier1B
folA_Q105H,0.0031182817,Tier2+Tier1B
robA_N252Y,0.0031118845,Tier2+Tier1B
gyrB_T292S,0.0029869736,Tier2+Tier1B
pcoA,0.002954551,Tier2+Tier1B
mph(A)_2,0.0029226036,Tier2+Tier1B
gyrA_R237C,0.0029092678,Tier2+Tier1B
parE_E545K,0.0028911203,Tier2+Tier1B
robA_A201T,0.0028787546,Tier2+Tier1B
phoP_frameshift_insertion_1bp_pos1189670,0.0028603773,Tier2+Tier1B
pcoS,0.0028573053,Tier2+Tier1B
folP_G65R,0.0028385369,Tier2+Tier1B
parE_L589F,0.0028331832,Tier2+Tier1B
robA_Q220K,0.0028182701,Tier2+Tier1B
robA_T200S,0.0028007221,Tier2+Tier1B
ompF_V155I,0.0027142938,Tier2+Tier1B
parE_R378C,0.0026788805,Tier2+Tier1B
ampC_Q116K,0.0026722457,Tier2+Tier1B
parE_V450F,0.0026305534,Tier2+Tier1B
blaCTX-M-15,0.0025773891,Tier2+Tier1B
robA_A203T,0.0025771675,Tier2+Tier1B
folP_A151P,0.0025411893,Tier2+Tier1B
catA1,0.002514391,Tier2+Tier1B
blaEC,0.0024950977,Tier2+Tier1B
gyrA_P608T,0.0024368041,Tier2+Tier1B
parC_Q198K,0.0024287915,Tier2+Tier1B
rpsL_G106C,0.0023509574,Tier2+Tier1B
AAC(3)-IIa,0.002328613,Tier2+Tier1B
rpoB_H345Q,0.0023152411,Tier2+Tier1B
ompC_Q196E,0.0023035698,Tier2+Tier1B
gyrB_E703Q,0.0023006517,Tier2+Tier1B
gyrB_L470V,0.0022830474,Tier2+Tier1B
gyrA_I774F,0.0022714415,Tier2+Tier1B
phoP_Y179H,0.0022432911,Tier2+Tier1B
phoQ_N377Y,0.002208826,Tier2+Tier1B
pmrB_D111Y,0.0021840183,Tier2+Tier1B
parC_S80C,0.002129682,Tier2+Tier1B
pcoC,0.0021063061,Tier2+Tier1B
blaSHV-102_2,0.002095234,Tier2+Tier1B
ampC_R312H,0.0020296788,Tier2+Tier1B
pmrB_P297A,0.0020189069,Tier2+Tier1B
robA_S187R,0.0019471763,Tier2+Tier1B
parC_E130K,0.0019142994,Tier2+Tier1B
phoP_H15Y,0.0018642748,Tier2+Tier1B
parC_T410S,0.0018612022,Tier2+Tier1B
aac(6')Ib-cr_1,0.0018570396,Tier2+Tier1B
gyrA_S689C,0.0018308081,Tier2+Tier1B
phoQ_E381K,0.0018132359,Tier2+Tier1B
gyrA_L463F,0.0017708488,Tier2+Tier1B
phoP_P55S,0.0017511328,Tier2+Tier1B
ompC_G63R,0.0016501107,Tier2+Tier1B
gyrA_V240M,0.0016452883,Tier2+Tier1B
parC_G528R,0.0016284853,Tier2+Tier1B
folP_S94A,0.0016184518,Tier2+Tier1B
parE_A369T,0.0015384872,Tier2+Tier1B
gyrA_N621Y,0.001505168,Tier2+Tier1B
gyrA_T366P,0.0014881344,Tier2+Tier1B
marR_*71C,0.0014774168,Tier2+Tier1B
ompF_Y112F,0.0014746756,Tier2+Tier1B
robA_A91S,0.0014247142,Tier2+Tier1B
ompC_N47K,0.0014198279,Tier2+Tier1B
gyrA_A412T,0.0013949566,Tier2+Tier1B
ompC_A274T,0.001304714,Tier2+Tier1B
gyrB_S347T,0.0013006193,Tier2+Tier1B
parC_G35R,0.0012912162,Tier2+Tier1B
robA_A272T,0.0012687532,Tier2+Tier1B
ftsI_*314*,0.0011836243,Tier2+Tier1B
phoP_L176I,0.0011815653,Tier2+Tier1B
thyA_F62L,0.0011778682,Tier2+Tier1B
soxR_W110*,0.0011335699,Tier2+Tier1B
pmrB_D286G,0.0011150856,Tier2+Tier1B
parE_N104H,0.001108529,Tier2+Tier1B
parE_V118M,0.0010907865,Tier2+Tier1B
gyrB_V308F,0.0010816419,Tier2+Tier1B
parE_G282R,0.0010707679,Tier2+Tier1B
parE_V76M,0.0010255644,Tier2+Tier1B
gyrB_G475C,0.0009856354,Tier2+Tier1B
gyrA_D791Y,0.0009597972,Tier2+Tier1B
strB_1,0.00071776775,Tier2+Tier1B
gyrA_T586P,0.00066510134,Tier2+Tier1B
ampC_D304G,0.00064942264,Tier2+Tier1B
parC_R296C,0.00061293185,Tier2+Tier1B
ompC_frameshift_deletion_2bp_pos2295547,0.000526237,Tier2+Tier1B
ampC_V294L,0.0,Tier2+Tier1B
qacH,0.0,Tier2+Tier1B
parC_G508C,0.0,Tier2+Tier1B
mdtL,0.0,Tier2+Tier1B
QnrA1_1,0.0,Tier2+Tier1B
ARR-3_4,0.0,Tier2+Tier1B
vgaC,0.0,Tier2+Tier1B
tolC,0.0,Tier2+Tier1B
tetX,0.0,Tier2+Tier1B
tetM,0.0,Tier2+Tier1B
mdtH,0.0,Tier2+Tier1B
mdtG,0.0,Tier2+Tier1B
msbA,0.0,Tier2+Tier1B
sul3,0.0,Tier2+Tier1B
dfrA12,0.0,Tier2+Tier1B
dfrA21,0.0,Tier2+Tier1B
rmtB,0.0,Tier2+Tier1B
mdtF,0.0,Tier2+Tier1B
gyrB_V325M,0.0,Tier2+Tier1B
mdfA,0.0,Tier2+Tier1B
mdtA,0.0,Tier2+Tier1B
mdtP,0.0,Tier2+Tier1B
rpoB_*1094*,0.0,Tier2+Tier1B
mefB,0.0,Tier2+Tier1B
mfd,0.0,Tier2+Tier1B
mdtB,0.0,Tier2+Tier1B
QnrB1_1,0.0,Tier2+Tier1B
phoQ_A341S,0.0,Tier2+Tier1B
QnrS1_1,0.0,Tier2+Tier1B
QnrD_1,0.0,Tier2+Tier1B
mphB,0.0,Tier2+Tier1B
QnrB44_1,0.0,Tier2+Tier1B
mdtO,0.0,Tier2+Tier1B
mdtC,0.0,Tier2+Tier1B
folP_K279N,0.0,Tier2+Tier1B
mdtE,0.0,Tier2+Tier1B
marA,0.0,Tier2+Tier1B
aadA22_1,0.0,Tier2+Tier1B
aadA1_5,0.0,Tier2+Tier1B
aadA1_2,0.0,Tier2+Tier1B
aadA13_1,0.0,Tier2+Tier1B
aac(6')-Ib_1,0.0,Tier2+Tier1B
aac(6')-Iaf_1,0.0,Tier2+Tier1B
aac(6')-IIc_1,0.0,Tier2+Tier1B
aac(3)-VIa_1,0.0,Tier2+Tier1B
gyrB_S558P,0.0,Tier2+Tier1B
aac(3)-IVa_1,0.0,Tier2+Tier1B
blaNDM-5_1,0.0,Tier2+Tier1B
blaNDM-1_1,0.0,Tier2+Tier1B
gyrB_Q556K,0.0,Tier2+Tier1B
dfrA19,0.0,Tier2+Tier1B
parE_S458T,0.0,Tier2+Tier1B
blaCTX-M-65_2,0.0,Tier2+Tier1B
parE_N410Y,0.0,Tier2+Tier1B
parE_A406T,0.0,Tier2+Tier1B
blaCTX-M-55_2,0.0,Tier2+Tier1B
blaCTX-M-27_1,0.0,Tier2+Tier1B
blaCTX-M-24_8,0.0,Tier2+Tier1B
blaCTX-M-1_6,0.0,Tier2+Tier1B
blaCTX-M-14b_1,0.0,Tier2+Tier1B
blaCTX-M-14_1,0.0,Tier2+Tier1B
blaCMY-42_1,0.0,Tier2+Tier1B
blaCMY-2_1,0.0,Tier2+Tier1B
blaCARB-2_1,0.0,Tier2+Tier1B
blaGES-5_1,0.0,Tier2+Tier1B
patA,0.0,Tier2+Tier1B
oqxB,0.0,Tier2+Tier1B
oqxA,0.0,Tier2+Tier1B
aac(3)-IIe_1,0.0,Tier2+Tier1B
aac(3)-IIa_1,0.0,Tier2+Tier1B
QnrS4_1,0.0,Tier2+Tier1B
QnrS2_1,0.0,Tier2+Tier1B
gyrA_R725C,0.0,Tier2+Tier1B
gyrA_L326F,0.0,Tier2+Tier1B
gyrA_G727R,0.0,Tier2+Tier1B
tolC_Q113H,0.0,Tier2+Tier1B
folP_N115H,0.0,Tier2+Tier1B
phoQ_S187R,0.0,Tier2+Tier1B
aadA24_1,0.0,Tier2+Tier1B
tolC_S124R,0.0,Tier2+Tier1B
parC_Q91E,0.0,Tier2+Tier1B
folP_F28L,0.0,Tier2+Tier1B
parC_M241L,0.0,Tier2+Tier1B
parE_V130M,0.0,Tier2+Tier1B
parE_T14S,0.0,Tier2+Tier1B
gyrA_L424V,0.0,Tier2+Tier1B
tolC_H150Q,0.0,Tier2+Tier1B
aph(3')-IIa_1,0.0,Tier2+Tier1B
aadB_1,0.0,Tier2+Tier1B
gyrA_T363S,0.0,Tier2+Tier1B
aadA4_1,0.0,Tier2+Tier1B
tolC_V104E,0.0,Tier2+Tier1B
aadA2_2,0.0,Tier2+Tier1B
folP_A130V,0.0,Tier2+Tier1B
H-NS,0.0,Tier2+Tier1B
GES-20,0.0,Tier2+Tier1B
FosA7,0.0,Tier2+Tier1B
FosA6,0.0,Tier2+Tier1B
FosA4,0.0,Tier2+Tier1B
Escherichia_coli_rob,0.0,Tier2+Tier1B
Escherichia_coli_acrA,0.0,Tier2+Tier1B
Escherichia_coli_LamB,0.0,Tier2+Tier1B
Escherichia_coli_CpxR,0.0,Tier2+Tier1B
parC_A533S,0.0,Tier2+Tier1B
ErmB,0.0,Tier2+Tier1B
Erm(42),0.0,Tier2+Tier1B
EreB,0.0,Tier2+Tier1B
OXA-2,0.0,Tier2+Tier1B
ampC_E187K,0.0,Tier2+Tier1B
NDM-5,0.0,Tier2+Tier1B
NDM-1,0.0,Tier2+Tier1B
parE_A512T,0.0,Tier2+Tier1B
parE_E335K,0.0,Tier2+Tier1B
gyrB_E711K,0.0,Tier2+Tier1B
parE_L391M,0.0,Tier2+Tier1B
phoQ_L19M,0.0,Tier2+Tier1B
phoQ_A23T,0.0,Tier2+Tier1B
phoQ_V35F,0.0,Tier2+Tier1B
ftsI_F332V,0.0,Tier2+Tier1B
gyrB_P171T,0.0,Tier2+Tier1B
phoQ_T47P,0.0,Tier2+Tier1B
aadA13,0.0,Tier2+Tier1B
aadA12,0.0,Tier2+Tier1B
phoP_G24R,0.0,Tier2+Tier1B
OXA-15,0.0,Tier2+Tier1B
gyrB_V122L,0.0,Tier2+Tier1B
ampC_I300M,0.0,Tier2+Tier1B
tolC_*377*,0.0,Tier2+Tier1B
ampC_V194F,0.0,Tier2+Tier1B
gyrA_E505K,0.0,Tier2+Tier1B
rpoB_S148R,0.0,Tier2+Tier1B
gyrB_A408P,0.0,Tier2+Tier1B
ompF_V314L,0.0,Tier2+Tier1B
phoQ_A153T,0.0,Tier2+Tier1B
marR_R53H,0.0,Tier2+Tier1B
EreA2,0.0,Tier2+Tier1B
CTX-M-9,0.0,Tier2+Tier1B
tolC_E318D,0.0,Tier2+Tier1B
CTX-M-65,0.0,Tier2+Tier1B
MCR-1,0.0,Tier2+Tier1B
CTX-M-27,0.0,Tier2+Tier1B
CTX-M-14,0.0,Tier2+Tier1B
CTX-M-1,0.0,Tier2+Tier1B
CMY-59,0.0,Tier2+Tier1B
gyrB_V371M,0.0,Tier2+Tier1B
CARB-3,0.0,Tier2+Tier1B
APH(4)-Ia,0.0,Tier2+Tier1B
APH(3')-IIa,0.0,Tier2+Tier1B
ANT(2'')-Ia,0.0,Tier2+Tier1B
AAC(6')-Iaf,0.0,Tier2+Tier1B
AAC(6')-IIc,0.0,Tier2+Tier1B
AAC(3)-VIa,0.0,Tier2+Tier1B
AAC(3)-IV,0.0,Tier2+Tier1B
parE_F354L,0.0,Tier2+Tier1B
MCR-3,0.0,Tier2+Tier1B
CTX-M-55,0.0,Tier2+Tier1B
dfrA10,0.0,Tier2+Tier1B
ompF_F45L,0.0,Tier2+Tier1B
parC_D475N,0.0,Tier2+Tier1B
rpoB_M1214I,0.0,Tier2+Tier1B
parE_L288F,0.0,Tier2+Tier1B
parC_I555L,0.0,Tier2+Tier1B
gyrA_A526P,0.0,Tier2+Tier1B
pmrB_A291P,0.0,Tier2+Tier1B
thyA_G251S,0.0,Tier2+Tier1B
determinant_of_bleomycin_resistance,0.0,Tier2+Tier1B
cpxA,0.0,Tier2+Tier1B
cmlA6,0.0,Tier2+Tier1B
cmlA5,0.0,Tier2+Tier1B
lnuG,0.0,Tier2+Tier1B
YojI,0.0,Tier2+Tier1B
linG,0.0,Tier2+Tier1B
leuO,0.0,Tier2+Tier1B
kdpE,0.0,Tier2+Tier1B
gadX,0.0,Tier2+Tier1B
gadW,0.0,Tier2+Tier1B
floR,0.0,Tier2+Tier1B
emrR,0.0,Tier2+Tier1B
emrD,0.0,Tier2+Tier1B
gyrA_V146I,0.0,Tier2+Tier1B
gyrA_A175S,0.0,Tier2+Tier1B
emrB,0.0,Tier2+Tier1B
emrA,0.0,Tier2+Tier1B
tolC_*370*,0.0,Tier2+Tier1B
dfrB1,0.0,Tier2+Tier1B
dfrA8,0.0,Tier2+Tier1B
gyrA_V385M,0.0,Tier2+Tier1B
phoQ_E336K,0.0,Tier2+Tier1B
SHV-2,0.0,Tier2+Tier1B
SHV-134,0.0,Tier2+Tier1B
QnrS4,0.0,Tier2+Tier1B
QnrS2,0.0,Tier2+Tier1B
QnrS1,0.0,Tier2+Tier1B
QnrD1,0.0,Tier2+Tier1B
QnrB44,0.0,Tier2+Tier1B
QnrB1,0.0,Tier2+Tier1B
QnrA1,0.0,Tier2+Tier1B
QepA2,0.0,Tier2+Tier1B
PmrF,0.0,Tier2+Tier1B
PmrC,0.0,Tier2+Tier1B
OXA-9,0.0,Tier2+Tier1B
aadA17,0.0,Tier2+Tier1B
baeS,0.0,Tier2+Tier1B
baeR,0.0,Tier2+Tier1B
bacA,0.0,Tier2+Tier1B
arr-3,0.0,Tier2+Tier1B
arr-2,0.0,Tier2+Tier1B
acrS,0.0,Tier2+Tier1B
acrF,0.0,Tier2+Tier1B
acrE,0.0,Tier2+Tier1B
acrD,0.0,Tier2+Tier1B
acrB,0.0,Tier2+Tier1B
aadA4,0.0,Tier2+Tier1B
aadA25,0.0,Tier2+Tier1B
aph(4)-Ia_1,0.0,Tier2+Tier1B
aadA22,0.0,Tier2+Tier1B
aadA2,0.0,Tier2+Tier1B
catB3,0.0,Tier2+Tier1B
bleO,0.0,Tier2+Tier1B
ble,0.0,Tier2+Tier1B
fosA4,0.0,Tier2+Tier1B
fosA10,0.0,Tier2+Tier1B
fosA,0.0,Tier2+Tier1B
floR.1,0.0,Tier2+Tier1B
erm(B),0.0,Tier2+Tier1B
erm(42),0.0,Tier2+Tier1B
ere(B),0.0,Tier2+Tier1B
ere(A),0.0,Tier2+Tier1B
emrD.1,0.0,Tier2+Tier1B
dfrB1.1,0.0,Tier2+Tier1B
dfrA8.1,0.0,Tier2+Tier1B
dfrA7.1,0.0,Tier2+Tier1B
gyrB_G77C,0.0,Tier2+Tier1B
dfrA5.1,0.0,Tier2+Tier1B
dfrA4,0.0,Tier2+Tier1B
dfrA36,0.0,Tier2+Tier1B
qepA,0.0,Tier2+Tier1B
oqxB.1,0.0,Tier2+Tier1B
oqxA.1,0.0,Tier2+Tier1B
mph(B),0.0,Tier2+Tier1B
mph(A),0.0,Tier2+Tier1B
mef(B),0.0,Tier2+Tier1B
mcr-9.1,0.0,Tier2+Tier1B
mcr-3.5,0.0,Tier2+Tier1B
mcr-3.4,0.0,Tier2+Tier1B
mcr-3.1,0.0,Tier2+Tier1B
mcr-1.1,0.0,Tier2+Tier1B
dfrA51,0.0,Tier2+Tier1B
blaCTX-M-182,0.0,Tier2+Tier1B
blaTEM-9,0.0,Tier2+Tier1B
blaTEM-40,0.0,Tier2+Tier1B
blaTEM-37,0.0,Tier2+Tier1B
blaTEM-35,0.0,Tier2+Tier1B
blaTEM-34,0.0,Tier2+Tier1B
blaTEM-33,0.0,Tier2+Tier1B
blaTEM-31,0.0,Tier2+Tier1B
blaTEM-30,0.0,Tier2+Tier1B
blaTEM-215,0.0,Tier2+Tier1B
blaTEM-15,0.0,Tier2+Tier1B
blaTEM-135,0.0,Tier2+Tier1B
blaTEM,0.0,Tier2+Tier1B
blaSHV-2,0.0,Tier2+Tier1B
catA2,0.0,Tier2+Tier1B
blaSHV-1,0.0,Tier2+Tier1B
blaSHV,0.0,Tier2+Tier1B
dfrA29,0.0,Tier2+Tier1B
dfrA21.1,0.0,Tier2+Tier1B
dfrA19.1,0.0,Tier2+Tier1B
dfrA17.1,0.0,Tier2+Tier1B
dfrA14.1,0.0,Tier2+Tier1B
dfrA12.1,0.0,Tier2+Tier1B
dfrA10.1,0.0,Tier2+Tier1B
dfrA,0.0,Tier2+Tier1B
cmlA6.1,0.0,Tier2+Tier1B
cmlA5.1,0.0,Tier2+Tier1B
cmlA1,0.0,Tier2+Tier1B
catB3.1,0.0,Tier2+Tier1B
blaSHV-12,0.0,Tier2+Tier1B
qnrS2,0.0,Tier2+Tier1B
qnrS1,0.0,Tier2+Tier1B
qnrS,0.0,Tier2+Tier1B
qnrD,0.0,Tier2+Tier1B
marR_A103T,0.0,Tier2+Tier1B
yfdX1,0.0,Tier2+Tier1B
trxLHR,0.0,Tier2+Tier1B
terZ,0.0,Tier2+Tier1B
terW,0.0,Tier2+Tier1B
terE,0.0,Tier2+Tier1B
pcoB,0.0,Tier2+Tier1B
ncrC,0.0,Tier2+Tier1B
ncrB,0.0,Tier2+Tier1B
ncrA,0.0,Tier2+Tier1B
lnu(G),0.0,Tier2+Tier1B
merE,0.0,Tier2+Tier1B
gyrA_P265S,0.0,Tier2+Tier1B
tolC_*272*,0.0,Tier2+Tier1B
terD,0.0,Tier2+Tier1B
terC,0.0,Tier2+Tier1B
terB,0.0,Tier2+Tier1B
silS,0.0,Tier2+Tier1B
silR,0.0,Tier2+Tier1B
silF,0.0,Tier2+Tier1B
silE,0.0,Tier2+Tier1B
silC,0.0,Tier2+Tier1B
shsP,0.0,Tier2+Tier1B
qacE,0.0,Tier2+Tier1B
psi-GI,0.0,Tier2+Tier1B
merF,0.0,Tier2+Tier1B
lnu(F),0.0,Tier2+Tier1B
fosA7.5,0.0,Tier2+Tier1B
fosA7,0.0,Tier2+Tier1B
fosA5,0.0,Tier2+Tier1B
qnrB7,0.0,Tier2+Tier1B
qnrB1,0.0,Tier2+Tier1B
qnrA1,0.0,Tier2+Tier1B
qepA8,0.0,Tier2+Tier1B
qepA1,0.0,Tier2+Tier1B
soxR_V74L,0.0,Tier2+Tier1B
folA_Q49H,0.0,Tier2+Tier1B
parE_G244R,0.0,Tier2+Tier1B
rpoB_Q1003H,0.0,Tier2+Tier1B
soxR_L57F,0.0,Tier2+Tier1B
qnrS4,0.0,Tier2+Tier1B
ampC_P229T,0.0,Tier2+Tier1B
folA_C104R,0.0,Tier2+Tier1B
parE_T161P,0.0,Tier2+Tier1B
ftsI_*143*,0.0,Tier2+Tier1B
clpK,0.0,Tier2+Tier1B
arsR,0.0,Tier2+Tier1B
arsA,0.0,Tier2+Tier1B
tet(X4),0.0,Tier2+Tier1B
tet(M),0.0,Tier2+Tier1B
tet(D).1,0.0,Tier2+Tier1B
sul3.1,0.0,Tier2+Tier1B
sul1.1,0.0,Tier2+Tier1B
sat2,0.0,Tier2+Tier1B
rmtB1,0.0,Tier2+Tier1B
ampC_T129P,0.0,Tier2+Tier1B
catA1_1,0.0,Tier2+Tier1B
blaTEM-84_1,0.0,Tier2+Tier1B
blaTEM-34_1,0.0,Tier2+Tier1B
mph(B)_1,0.0,Tier2+Tier1B
mef(B)_1,0.0,Tier2+Tier1B
mcr-3_1,0.0,Tier2+Tier1B
mcr-1_1,0.0,Tier2+Tier1B
mcr-1.9_1,0.0,Tier2+Tier1B
lnu(F)_1,0.0,Tier2+Tier1B
fosA_3,0.0,Tier2+Tier1B
fosA_14,0.0,Tier2+Tier1B
fosA_10,0.0,Tier2+Tier1B
floR_2,0.0,Tier2+Tier1B
erm(B)_18,0.0,Tier2+Tier1B
blaCTX-M-191,0.0,Tier2+Tier1B
ere(B)_2,0.0,Tier2+Tier1B
ere(A)_2,0.0,Tier2+Tier1B
dfrB1_2,0.0,Tier2+Tier1B
rmtB_1,0.0,Tier2+Tier1B
qepA_1,0.0,Tier2+Tier1B
parE_L270V,0.0,Tier2+Tier1B
tolC_C91R,0.0,Tier2+Tier1B
ampC_T332A,0.0,Tier2+Tier1B
gyrA_Q749E,0.0,Tier2+Tier1B
rpoB_*717Y,0.0,Tier2+Tier1B
parE_L194F,0.0,Tier2+Tier1B
gyrA_G255S,0.0,Tier2+Tier1B
parC_R710C,0.0,Tier2+Tier1B
pmrB_H5R,0.0,Tier2+Tier1B
erm(42)_2,0.0,Tier2+Tier1B
aph(3')-Ic_1,0.0,Tier2+Tier1B
aph(3')-Ia_1,0.0,Tier2+Tier1B
blaTEM-30_1,0.0,Tier2+Tier1B
blaTEM-1D_83,0.0,Tier2+Tier1B
blaTEM-190_1,0.0,Tier2+Tier1B
blaTEM-15_1,0.0,Tier2+Tier1B
blaTEM-158_1,0.0,Tier2+Tier1B
blaTEM-135_1,0.0,Tier2+Tier1B
blaTEM-122_1,0.0,Tier2+Tier1B
blaTEM-110_1,0.0,Tier2+Tier1B
blaTEM-106_1,0.0,Tier2+Tier1B
blaTEM-104_1,0.0,Tier2+Tier1B
blaSHV-2_2,0.0,Tier2+Tier1B
blaSHV-12_1,0.0,Tier2+Tier1B
catA2_1,0.0,Tier2+Tier1B
blaOXA-2_1,0.0,Tier2+Tier1B
blaOXA-10_2,0.0,Tier2+Tier1B
dfrA8_1,0.0,Tier2+Tier1B
dfrA7_1,0.0,Tier2+Tier1B
dfrA5_1,0.0,Tier2+Tier1B
dfrA21_1,0.0,Tier2+Tier1B
dfrA18_1,0.0,Tier2+Tier1B
dfrA17_1,0.0,Tier2+Tier1B
dfrA14_1,0.0,Tier2+Tier1B
dfrA12_1,0.0,Tier2+Tier1B
dfrA10_1,0.0,Tier2+Tier1B
cmlA1_1,0.0,Tier2+Tier1B
catB4_1,0.0,Tier2+Tier1B
catB3_1,0.0,Tier2+Tier1B
blaOXA-9_2,0.0,Tier2+Tier1B
aac(6')-IIc,0.0,Tier2+Tier1B
blaCTX-M-14,0.0,Tier2+Tier1B
blaCTX-M-1,0.0,Tier2+Tier1B
blaCTX-M,0.0,Tier2+Tier1B
blaCMY-42,0.0,Tier2+Tier1B
blaCMY-2,0.0,Tier2+Tier1B
blaCMY-111,0.0,Tier2+Tier1B
blaCARB-2,0.0,Tier2+Tier1B
arr-3.1,0.0,Tier2+Tier1B
arr-2.1,0.0,Tier2+Tier1B
arr,0.0,Tier2+Tier1B
aph(4)-Ia,0.0,Tier2+Tier1B
aph(3')-Ia,0.0,Tier2+Tier1B
aph(3')-IIa,0.0,Tier2+Tier1B
qepA2_1,0.0,Tier2+Tier1B
acrF.1,0.0,Tier2+Tier1B
blaOXA-9,0.0,Tier2+Tier1B
blaOXA-2,0.0,Tier2+Tier1B
blaOXA-10,0.0,Tier2+Tier1B
blaOXA,0.0,Tier2+Tier1B
blaNDM-5,0.0,Tier2+Tier1B
blaNDM-1,0.0,Tier2+Tier1B
blaLAP-2,0.0,Tier2+Tier1B
blaGES-5,0.0,Tier2+Tier1B
blaCTX-M-65,0.0,Tier2+Tier1B
blaCTX-M-55,0.0,Tier2+Tier1B
blaCTX-M-27,0.0,Tier2+Tier1B
blaCTX-M-24,0.0,Tier2+Tier1B
blaCTX-M-192,0.0,Tier2+Tier1B
ant(2'')-Ia,0.0,Tier2+Tier1B
oqxB_1,0.0,Tier2+Tier1B
oqxA_1,0.0,Tier2+Tier1B
aac(3)-VIa,0.0,Tier2+Tier1B
aac(3)-IVa,0.0,Tier2+Tier1B
aac(3)-IIg,0.0,Tier2+Tier1B
aac(3)-IIe,0.0,Tier2+Tier1B
tet(X)_1,0.0,Tier2+Tier1B
tet(M)_8,0.0,Tier2+Tier1B
tet(B)_3,0.0,Tier2+Tier1B
tet(A)_3,0.0,Tier2+Tier1B
sul3_2,0.0,Tier2+Tier1B
sul2_6,0.0,Tier2+Tier1B
sul2_14,0.0,Tier2+Tier1B
sul1_1,0.0,Tier2+Tier1B
aac(6')-Ib,0.0,Tier2+Tier1B
aadA5.1,0.0,Tier2+Tier1B
aadA4.1,0.0,Tier2+Tier1B
aadA25.1,0.0,Tier2+Tier1B
aadA22.1,0.0,Tier2+Tier1B
aadA2.1,0.0,Tier2+Tier1B
aadA15,0.0,Tier2+Tier1B
aadA13.1,0.0,Tier2+Tier1B
aadA12.1,0.0,Tier2+Tier1B
aadA11,0.0,Tier2+Tier1B
aacA16,0.0,Tier2+Tier1B
aac(6')-Ib4,0.0,Tier2+Tier1B
aac(6')-Ib3,0.0,Tier2+Tier1B
aac(6')-Ib-cr5,0.0,Tier2+Tier1B
aac(6')-Ib',0.0,Tier2+Tier1B
strA_1,0.0,Tier2+Tier1B
ampC_T4M,0.0,Tier2+Tier1B
ampC_Q155K,0.0,Tier2+Tier1B
gyrA_H471Y,0.0,Tier2+Tier1B
ompC_A226D,0.0,Tier2+Tier1B
ompF_A108T,0.0,Tier2+Tier1B
gyrA_A422P,0.0,Tier2+Tier1B
ompF_L110V,0.0,Tier2+Tier1B
gyrB_I250L,0.0,Tier2+Tier1B
ampC_A334T,0.0,Tier2+Tier1B
soxR_N115K,0.0,Tier2+Tier1B
pmrB_I21F,0.0,Tier2+Tier1B
ampC_L257R,0.0,Tier2+Tier1B
ampC_Q265E,0.0,Tier2+Tier1B
ompF_E51V,0.0,Tier2+Tier1B
gyrB_D277Y,0.0,Tier2+Tier1B
rpoB_W671C,0.0,Tier2+Tier1B
thyA_D66Y,0.0,Tier2+Tier1B
ompF_V354I,0.0,Tier2+Tier1B
ompF_D129H,0.0,Tier2+Tier1B
thyA_I112F,0.0,Tier2+Tier1B
thyA_N87Y,0.0,Tier2+Tier1B
thyA_T47P,0.0,Tier2+Tier1B
ompF_F118L,0.0,Tier2+Tier1B
ompF_D119H,0.0,Tier2+Tier1B
ompF_G121C,0.0,Tier2+Tier1B
ompF_T103S,0.0,Tier2+Tier1B
gyrA_V540I,0.0,Tier2+Tier1B
gyrB_L173F,0.0,Tier2+Tier1B
gyrB_S334T,0.0,Tier2+Tier1B
rpoB_S894R,0.0,Tier2+Tier1B
parE_E413K,0.0,Tier2+Tier1B
phoP_P45S,0.0,Tier2+Tier1B
gyrA_A486T,0.0,Tier2+Tier1B
pmrB_I73L,0.0,Tier2+Tier1B
ompF_N52K,0.0,Tier2+Tier1B
pmrB_S192C,0.0,Tier2+Tier1B
gyrB_T392S,0.0,Tier2+Tier1B
gyrA_I182F,0.0,Tier2+Tier1B
folP_A128S,0.0,Tier2+Tier1B
gyrA_E626K,0.0,Tier2+Tier1B
gyrA_V822M,0.0,Tier2+Tier1B
parE_P196A,0.0,Tier2+Tier1B
parE_A61P,0.0,Tier2+Tier1B
parE_G50R,0.0,Tier2+Tier1B
parE_K158E,0.0,Tier2+Tier1B
ompF_A215P,0.0,Tier2+Tier1B
ftsI_R233S,0.0,Tier2+Tier1B
mgrB_V8A,0.0,Tier2+Tier1B
phoQ_T84A,0.0,Tier2+Tier1B
ompF_Q222E,0.0,Tier2+Tier1B
ftsI_S366R,0.0,Tier2+Tier1B
gyrA_T519P,0.0,Tier2+Tier1B
parE_Q148K,0.0,Tier2+Tier1B
folP_L134V,0.0,Tier2+Tier1B
ampC_V342F,0.0,Tier2+Tier1B
ftsI_W322*,0.0,Tier2+Tier1B
robA_L283M,0.0,Tier2+Tier1B
robA_T132S,0.0,Tier2+Tier1B
phoP_P102T,0.0,Tier2+Tier1B
folA_S76R,0.0,Tier2+Tier1B
ompF_G172C,0.0,Tier2+Tier1B
rpoB_H579Q,0.0,Tier2+Tier1B
ompC_V38L,0.0,Tier2+Tier1B
rplD_T131P,0.0,Tier2+Tier1B
folA_W78C,0.0,Tier2+Tier1B
gyrB_V252F,0.0,Tier2+Tier1B
gyrB_A288T,0.0,Tier2+Tier1B
pmrB_A288T,0.0,Tier2+Tier1B
gyrA_G566R,0.0,Tier2+Tier1B
gyrB_P533T,0.0,Tier2+Tier1B
gyrA_I619F,0.0,Tier2+Tier1B
gyrB_S492N,0.0,Tier2+Tier1B
soxR_W70*,0.0,Tier2+Tier1B
gyrB_P274T,0.0,Tier2+Tier1B
gyrB_A632T,0.0,Tier2+Tier1B
parE_K484E,0.0,Tier2+Tier1B
pmrB_S141N,0.0,Tier2+Tier1B
phoQ_L5M,0.0,Tier2+Tier1B
gyrB_A604S,0.0,Tier2+Tier1B
gyrB_E661K,0.0,Tier2+Tier1B
gyrA_R630S,0.0,Tier2+Tier1B
gyrA_G442C,0.0,Tier2+Tier1B
gyrA_A252T,0.0,Tier2+Tier1B
gyrB_T366S,0.0,Tier2+Tier1B
gyrB_E623K,0.0,Tier2+Tier1B
gyrB_A397T,0.0,Tier2+Tier1B
gyrB_D414H,0.0,Tier2+Tier1B
parE_V126L,0.0,Tier2+Tier1B
gyrB_V501F,0.0,Tier2+Tier1B
pmrB_A291S,0.0,Tier2+Tier1B
folA_M142I,0.0,Tier2+Tier1B
parE_A436S,0.0,Tier2+Tier1B
pmrB_P115S,0.0,Tier2+Tier1B
folP_N49Y,0.0,Tier2+Tier1B
parE_S451P,0.0,Tier2+Tier1B
acrR_E121D,0.0,Tier2+Tier1B
gyrB_G211C,0.0,Tier2+Tier1B
thyA_G197R,0.0,Tier2+Tier1B
gyrB_V453F,0.0,Tier2+Tier1B
marR_W84C,0.0,Tier2+Tier1B
ftsI_*54*,0.0,Tier2+Tier1B
gyrB_G694R,0.0,Tier2+Tier1B
pmrB_R96G,0.0,Tier2+Tier1B
gyrB_K768E,0.0,Tier2+Tier1B
ampC_V88M,0.0,Tier2+Tier1B
thyA_D205Y,0.0,Tier2+Tier1B
gyrA_V248M,0.0,Tier2+Tier1B
gyrA_A523S,0.0,Tier2+Tier1B
gyrA_L543F,0.0,Tier2+Tier1B
gyrB_G540C,0.0,Tier2+Tier1B
phoQ_L257F,0.0,Tier2+Tier1B
gyrA_G547C,0.0,Tier2+Tier1B
parC_I228F,0.0,Tier2+Tier1B
gyrA_I485F,0.0,Tier2+Tier1B
parE_P558T,0.0,Tier2+Tier1B
parE_A467S,0.0,Tier2+Tier1B
folA_*72Y,0.0,Tier2+Tier1B
rpoB_*877*,0.0,Tier2+Tier1B
gyrA_N780Y,0.0,Tier2+Tier1B
gyrB_D66H,0.0,Tier2+Tier1B
ampC_V225L,0.0,Tier2+Tier1B
soxR_C148*,0.0,Tier2+Tier1B
robA_P172T,0.0,Tier2+Tier1B
robA_Y198H,0.0,Tier2+Tier1B
robA_A203S,0.0,Tier2+Tier1B
gyrB_G284C,0.0,Tier2+Tier1B
tolC_M264I,0.0,Tier2+Tier1B
phoQ_E369K,0.0,Tier2+Tier1B
phoQ_I366L,0.0,Tier2+Tier1B
rpoB_S1222R,0.0,Tier2+Tier1B
robA_Q20*,0.0,Tier2+Tier1B
phoQ_R6H,0.0,Tier2+Tier1B
ftsI_H345Q,0.0,Tier2+Tier1B
folP_A241S,0.0,Tier2+Tier1B
folP_H252Y,0.0,Tier2+Tier1B
folP_A247S,0.0,Tier2+Tier1B
parC_A471G,0.0,Tier2+Tier1B
rpsL_G84C,0.0,Tier2+Tier1B
phoP_S187C,0.0,Tier2+Tier1B
phoQ_R236C,0.0,Tier2+Tier1B
gyrB_E185Q,0.0,Tier2+Tier1B
gyrB_T165S,0.0,Tier2+Tier1B
rpoB_N283K,0.0,Tier2+Tier1B
rpoB_C204*,0.0,Tier2+Tier1B
gyrA_I578F,0.0,Tier2+Tier1B
gyrB_D639Y,0.0,Tier2+Tier1B
ftsI_D384E,0.0,Tier2+Tier1B
ompC_T348P,0.0,Tier2+Tier1B
gyrB_D622H,0.0,Tier2+Tier1B
ompC_frameshift_insertion_2bp_pos2295555,0.0,Tier2+Tier1B
ompC_N26Y,0.0,Tier2+Tier1B
ompC_N357K,0.0,Tier2+Tier1B
yfdX2,0.0,Tier2+Tier1B
ampC_T86A,0.0,Tier2+Tier1B
ampC_A356S,0.0,Tier2+Tier1B
gyrA_I198L,0.0,Tier2+Tier1B
gyrA_S111P,0.0,Tier2+Tier1B
gyrA_R91C,0.0,Tier2+Tier1B
ftsI_H425Q,0.0,Tier2+Tier1B
thyA_Q39E,0.0,Tier2+Tier1B
marR_I137L,0.0,Tier2+Tier1B
thyA_L184F,0.0,Tier2+Tier1B
rpoB_W623R,0.0,Tier2+Tier1B
phoP_P206A,0.0,Tier2+Tier1B
merD,0.0,Tier2+Tier1B
parE_P234T,0.0,Tier2+Tier1B
robA_L178F,0.0,Tier2+Tier1B
parE_N208H,0.0,Tier2+Tier1B
parE_N299H,0.0,Tier2+Tier1B
phoQ_S349A,0.0,Tier2+Tier1B
parE_Q211E,0.0,Tier2+Tier1B
parE_S164R,0.0,Tier2+Tier1B
phoP_Y98H,0.0,Tier2+Tier1B
gyrA_G468R,0.0,Tier2+Tier1B
merB,0.0,Tier2+Tier1B
merA,0.0,Tier2+Tier1B
kefB-GI,0.0,Tier2+Tier1B
hsp20,0.0,Tier2+Tier1B
hdeD-GI,0.0,Tier2+Tier1B
ampC_Y360H,0.0,Tier2+Tier1B
parC_R43G,0.0,Tier2+Tier1B
phoP_G53*,0.0,Tier2+Tier1B
folA_N101K,0.0,Tier2+Tier1B
phoQ_N117H,0.0,Tier2+Tier1B
gyrA_I379F,0.0,Tier2+Tier1B
gyrA_D800H,0.0,Tier2+Tier1B
gyrA_V307L,0.0,Tier2+Tier1B
ompF_N264H,0.0,Tier2+Tier1B
ampC_Q269E,0.0,Tier2+Tier1B
ompF_E306Q,0.0,Tier2+Tier1B
ompF_T298S,0.0,Tier2+Tier1B
gyrB_D207Y,0.0,Tier2+Tier1B
thyA_V170F,0.0,Tier2+Tier1B
folA_*40*,0.0,Tier2+Tier1B
ompF_G58C,0.0,Tier2+Tier1B
gyrA_V604L,0.0,Tier2+Tier1B
ompF_S350P,0.0,Tier2+Tier1B
ompC_N88S,0.0,Tier2+Tier1B
folP_P64A,0.0,Tier2+Tier1B
ompF_D352Y,0.0,Tier2+Tier1B
ampC_K40R,0.0,Tier2+Tier1B
gyrB_S571R,0.0,Tier2+Tier1B
folP_I117F,0.0,Tier2+Tier1B
ampC_N260T,0.0,Tier2+Tier1B
pmrB_L36V,0.0,Tier2+Tier1B
tolC_S63R,0.0,Tier2+Tier1B
folP_C137R,0.0,Tier2+Tier1B
phoQ_G359W,0.0,Tier2+Tier1B
parC_K247E,0.0,Tier2+Tier1B
parC_V369F,0.0,Tier2+Tier1B
robA_L251F,0.0,Tier2+Tier1B
parC_Q481*,0.0,Tier2+Tier1B
thyA_N211Y,0.0,Tier2+Tier1B
phoP_D29Y,0.0,Tier2+Tier1B
gyrA_D310H,0.0,Tier2+Tier1B
gyrB_A401S,0.0,Tier2+Tier1B
gyrB_V372L,0.0,Tier2+Tier1B
gyrA_V361M,0.0,Tier2+Tier1B
gyrA_K603E,0.0,Tier2+Tier1B
gyrA_A421S,0.0,Tier2+Tier1B
pmrB_H119Y,0.0,Tier2+Tier1B
pmrB_R96S,0.0,Tier2+Tier1B
pmrB_V80F,0.0,Tier2+Tier1B
pmrB_E126*,0.0,Tier2+Tier1B
acrR_N98K,0.0,Tier2+Tier1B
pmrB_R313S,0.0,Tier2+Tier1B
gyrB_R524C,0.0,Tier2+Tier1B
ompC_V106M,0.0,Tier2+Tier1B
gyrA_Y605H,0.0,Tier2+Tier1B
gyrA_A699P,0.0,Tier2+Tier1B
rpoB_S988R,0.0,Tier2+Tier1B
ftsI_W252*,0.0,Tier2+Tier1B
soxR_P38R,0.0,Tier2+Tier1B
gyrB_L420M,0.0,Tier2+Tier1B
folP_G31R,0.0,Tier2+Tier1B
soxR_L59F,0.0,Tier2+Tier1B
gyrA_I332F,0.0,Tier2+Tier1B
phoQ_E396K,0.0,Tier2+Tier1B
gyrA_A136S,0.0,Tier2+Tier1B
parE_Q360K,0.0,Tier2+Tier1B
phoQ_T248S,0.0,Tier2+Tier1B
phoQ_R245G,0.0,Tier2+Tier1B
phoQ_L114M,0.0,Tier2+Tier1B
parC_G685R,0.0,Tier2+Tier1B
parC_L376V,0.0,Tier2+Tier1B
parC_A159S,0.0,Tier2+Tier1B
folP_A40P,0.0,Tier2+Tier1B
parE_A489T,0.0,Tier2+Tier1B
parC_V612M,0.0,Tier2+Tier1B
robA_I287F,0.0,Tier2+Tier1B
phoQ_G329C,0.0,Tier2+Tier1B
gyrA_A271S,0.0,Tier2+Tier1B
gyrA_G858R,0.0,Tier2+Tier1B
gyrA_G740C,0.0,Tier2+Tier1B
gyrA_V737M,0.0,Tier2+Tier1B
gyrB_G435R,0.0,Tier2+Tier1B
gyrB_D459H,0.0,Tier2+Tier1B
pmrB_T238N,0.0,Tier2+Tier1B
gyrB_I478F,0.0,Tier2+Tier1B
parC_T607S,0.0,Tier2+Tier1B
rpoB_*1098*,0.0,Tier2+Tier1B
pmrB_S32C,0.0,Tier2+Tier1B
ampC_L147F,0.0,Tier2+Tier1B
gyrA_G288C,0.0,Tier2+Tier1B
folP_Q226K,0.0,Tier2+Tier1B
phoQ_P241S,0.0,Tier2+Tier1B
gyrB_A800T,0.0,Tier2+Tier1B
robA_T89S,0.0,Tier2+Tier1B
robA_Q98K,0.0,Tier2+Tier1B
robA_A101S,0.0,Tier2+Tier1B
robA_S144C,0.0,Tier2+Tier1B
robA_E150K,0.0,Tier2+Tier1B
robA_L168F,0.0,Tier2+Tier1B
ompF_A355T,0.0,Tier2+Tier1B
gyrA_I814F,0.0,Tier2+Tier1B
gyrA_V540F,0.0,Tier2+Tier1B
parE_L501M,0.0,Tier2+Tier1B
phoQ_Q376K,0.0,Tier2+Tier1B
ampC_G79R,0.0,Tier2+Tier1B
parC_V188M,0.0,Tier2+Tier1B
parC_R124W,0.0,Tier2+Tier1B
gyrB_A772P,0.0,Tier2+Tier1B
gyrA_E871K,0.0,Tier2+Tier1B
gyrA_D867Y,0.0,Tier2+Tier1B
folP_F4Y,0.0,Tier2+Tier1B
gyrA_I223L,0.0,Tier2+Tier1B
gyrA_D445H,0.0,Tier2+Tier1B
parC_L257M,0.0,Tier2+Tier1B
parC_N385H,0.0,Tier2+Tier1B
rpoB_W633*,0.0,Tier2+Tier1B
gyrB_L776F,0.0,Tier2+Tier1B
gyrA_G514R,0.0,Tier2+Tier1B
parE_S347T,0.0,Tier2+Tier1B
ampC_E37*,0.0,Tier2+Tier1B
robA_G222C,0.0,Tier2+Tier1B
gyrA_D849H,0.0,Tier2+Tier1B
gyrA_L533M,0.0,Tier2+Tier1B
ompC_S295T,0.0,Tier2+Tier1B
gyrB_I663M,0.0,Tier2+Tier1B
gyrB_Q721K,0.0,Tier2+Tier1B
phoQ_S423C,0.0,Tier2+Tier1B
pmrB_D315Y,0.0,Tier2+Tier1B
pmrB_S12T,0.0,Tier2+Tier1B
parC_N395H,0.0,Tier2+Tier1B
rpoB_S472R,0.0,Tier2+Tier1B
phoQ_T244S,0.0,Tier2+Tier1B
gyrA_V704M,0.0,Tier2+Tier1B
parC_L451M,0.0,Tier2+Tier1B
gyrA_I528F,0.0,Tier2+Tier1B
parC_P162A,0.0,Tier2+Tier1B
parC_G53C,0.0,Tier2+Tier1B
rpsL_V63M,0.0,Tier2+Tier1B
gyrB_R387C,0.0,Tier2+Tier1B
gyrB_I375L,0.0,Tier2+Tier1B
phoQ_V198M,0.0,Tier2+Tier1B
folP_V216M,0.0,Tier2+Tier1B
ompC_V117I,0.0,Tier2+Tier1B
ompC_F109L,0.0,Tier2+Tier1B
parE_P472T,0.0,Tier2+Tier1B
robA_G47C,0.0,Tier2+Tier1B
rpoB_Y469*,0.0,Tier2+Tier1B
gyrB_V349I,0.0,Tier2+Tier1B
tolC_S423R,0.0,Tier2+Tier1B
pmrB_A162S,0.0,Tier2+Tier1B
rpoB_Q312H,0.0,Tier2+Tier1B
gyrA_A388T,0.0,Tier2+Tier1B
parE_L256M,0.0,Tier2+Tier1B
thyA_D246Y,0.0,Tier2+Tier1B
folP_G250S,0.0,Tier2+Tier1B
gyrB_H237Y,0.0,Tier2+Tier1B
gyrB_A428T,0.0,Tier2+Tier1B
folP_I253F,0.0,Tier2+Tier1B
ampC_G175C,0.0,Tier2+Tier1B
ampC_S185R,0.0,Tier2+Tier1B
pmrB_Y318F,0.0,Tier2+Tier1B
robA_D75Y,0.0,Tier2+Tier1B
ftsI_S564R,0.0,Tier2+Tier1B
parE_G546C,0.0,Tier2+Tier1B
robA_T124P,0.0,Tier2+Tier1B
parC_L125M,0.0,Tier2+Tier1B
phoQ_V146M,0.0,Tier2+Tier1B
parC_S57C,0.0,Tier2+Tier1B
parE_G394C,0.0,Tier2+Tier1B
parC_Q695L,0.0,Tier2+Tier1B
pmrB_T332A,0.0,Tier2+Tier1B
folA_W78*,0.0,Tier2+Tier1B
robA_A207P,0.0,Tier2+Tier1B
gyrA_D476Y,0.0,Tier2+Tier1B
gyrA_N585Y,0.0,Tier2+Tier1B
phoQ_K2I,0.0,Tier2+Tier1B
parE_V44L,0.0,Tier2+Tier1B
gyrA_D294Y,0.0,Tier2+Tier1B
gyrA_T586A,0.0,Tier2+Tier1B
gyrA_G564W,0.0,Tier2+Tier1B
gyrA_A457P,0.0,Tier2+Tier1B
gyrA_A353T,0.0,Tier2+Tier1B
ompC_T72S,0.0,Tier2+Tier1B
ftsI_Q125H,0.0,Tier2+Tier1B
pmrB_I86F,0.0,Tier2+Tier1B
ampC_R325H,0.0,Tier2+Tier1B
gyrB_E131K,0.0,Tier2+Tier1B
gyrB_G425R,0.0,Tier2+Tier1B
acrR_Y108*,0.0,Tier2+Tier1B
ompF_T269S,0.0,Tier2+Tier1B
ompF_A113P,0.0,Tier2+Tier1B
gyrA_S555A,0.0,Tier2+Tier1B
folP_V244F,0.0,Tier2+Tier1B
gyrA_A855S,0.0,Tier2+Tier1B
ftsI_*234*,0.0,Tier2+Tier1B
phoQ_S12T,0.0,Tier2+Tier1B
phoQ_A22S,0.0,Tier2+Tier1B
phoP_G121R,0.0,Tier2+Tier1B
parC_P181A,0.0,Tier2+Tier1B
parC_R361*,0.0,Tier2+Tier1B
gyrB_R788C,0.0,Tier2+Tier1B
gyrB_G733C,0.0,Tier2+Tier1B
parE_L488V,0.0,Tier2+Tier1B
parE_A491S,0.0,Tier2+Tier1B
parE_S493P,0.0,Tier2+Tier1B
parE_D530H,0.0,Tier2+Tier1B
parE_P327T,0.0,Tier2+Tier1B
ampC_N201Y,0.0,Tier2+Tier1B
ampC_N214H,0.0,Tier2+Tier1B
ampC_V225M,0.0,Tier2+Tier1B
thyA_P104A,0.0,Tier2+Tier1B
parC_Q42K,0.0,Tier2+Tier1B
parC_S50T,0.0,Tier2+Tier1B
parC_K62E,0.0,Tier2+Tier1B
parC_T217P,0.0,Tier2+Tier1B
parC_T178A,0.0,Tier2+Tier1B
parC_G171R,0.0,Tier2+Tier1B
parC_L165M,0.0,Tier2+Tier1B
parC_T150A,0.0,Tier2+Tier1B
parC_A108T,0.0,Tier2+Tier1B
parC_C82R,0.0,Tier2+Tier1B
parE_V521F,0.0,Tier2+Tier1B
ompF_G239R,0.0,Tier2+Tier1B
ompC_A99S,0.0,Tier2+Tier1B
ampC_S102I,0.0,Tier2+Tier1B
folP_H208Y,0.0,Tier2+Tier1B
parC_D204H,0.0,Tier2+Tier1B
parE_K189E,0.0,Tier2+Tier1B
gyrB_C476R,0.0,Tier2+Tier1B
parC_V544L,0.0,Tier2+Tier1B
phoP_T211S,0.0,Tier2+Tier1B
gyrB_D756Y,0.0,Tier2+Tier1B
phoQ_D150H,0.0,Tier2+Tier1B
phoQ_G417S,0.0,Tier2+Tier1B
gyrA_A457T,0.0,Tier2+Tier1B
gyrA_G613C,0.0,Tier2+Tier1B
parC_L133M,0.0,Tier2+Tier1B
ompC_T243P,0.0,Tier2+Tier1B
tolC_H181Q,0.0,Tier2+Tier1B
gyrA_D588Y,0.0,Tier2+Tier1B
ompC_G172R,0.0,Tier2+Tier1B
phoQ_P75T,0.0,Tier2+Tier1B
phoQ_E55K,0.0,Tier2+Tier1B
gyrA_A455P,0.0,Tier2+Tier1B
parE_S347A,0.0,Tier2+Tier1B
phoP_S137P,0.0,Tier2+Tier1B
gyrA_I390F,0.0,Tier2+Tier1B
parC_R354C,0.0,Tier2+Tier1B
parC_A64S,0.0,Tier2+Tier1B
gyrA_S810T,0.0,Tier2+Tier1B
parC_Q152K,0.0,Tier2+Tier1B
parC_I254F,0.0,Tier2+Tier1B
parE_D289Y,0.0,Tier2+Tier1B
gyrB_N294Y,0.0,Tier2+Tier1B
parC_A116T,0.0,Tier2+Tier1B
parE_R72S,0.0,Tier2+Tier1B
gyrA_T258S,0.0,Tier2+Tier1B
gyrA_A759T,0.0,Tier2+Tier1B
folP_A66S,0.0,Tier2+Tier1B
folP_P80A,0.0,Tier2+Tier1B
ampC_S80T,0.0,Tier2+Tier1B
gyrA_D375H,0.0,Tier2+Tier1B
gyrB_T627S,0.0,Tier2+Tier1B
gyrB_T653I,0.0,Tier2+Tier1B
gyrB_P662T,0.0,Tier2+Tier1B
gyrB_N801H,0.0,Tier2+Tier1B
thyA_G91R,0.0,Tier2+Tier1B
parC_H77Y,0.0,Tier2+Tier1B
parC_R455H,0.0,Tier2+Tier1B
parC_A219T,0.0,Tier2+Tier1B
parC_G515S,0.0,Tier2+Tier1B
gyrB_E656*,0.0,Tier2+Tier1B
gyrA_Q627K,0.0,Tier2+Tier1B
gyrA_V312F,0.0,Tier2+Tier1B
ampC_A95T,0.0,Tier2+Tier1B
parC_I346F,0.0,Tier2+Tier1B
parC_D283Y,0.0,Tier2+Tier1B
parC_L285M,0.0,Tier2+Tier1B
tolC_L269V,0.0,Tier2+Tier1B
phoQ_Q479K,0.0,Tier2+Tier1B
gyrA_H262Y,0.0,Tier2+Tier1B
gyrA_V190F,0.0,Tier2+Tier1B
ampC_P160S,0.0,Tier2+Tier1B
parC_N459S,0.0,Tier2+Tier1B
parC_T66S,0.0,Tier2+Tier1B
parC_K155E,0.0,Tier2+Tier1B
parC_T623S,0.0,Tier2+Tier1B
gyrB_I802F,0.0,Tier2+Tier1B
ompC_I81F,0.0,Tier2+Tier1B
gyrB_A770T,0.0,Tier2+Tier1B
gyrA_T522S,0.0,Tier2+Tier1B
parC_N669Y,0.0,Tier2+Tier1B
parC_K368E,0.0,Tier2+Tier1B
parC_Q269E,0.0,Tier2+Tier1B
parC_N313Y,0.0,Tier2+Tier1B
parC_N304Y,0.0,Tier2+Tier1B
parC_I299L,0.0,Tier2+Tier1B
parC_A317P,0.0,Tier2+Tier1B
parE_R432C,0.0,Tier2+Tier1B
parC_K277E,0.0,Tier2+Tier1B
parC_L344R,0.0,Tier2+Tier1B
parC_N342Y,0.0,Tier2+Tier1B
gyrB_T175S,0.0,Tier2+Tier1B
parC_L10V,0.0,Tier2+Tier1B
parC_R305C,0.0,Tier2+Tier1B
gyrB_P238T,0.0,Tier2+Tier1B
gyrB_A655P,0.0,Tier2+Tier1B
gyrA_N224Y,0.0,Tier2+Tier1B
gyrA_D793Y,0.0,Tier2+Tier1B
parE_P439A,0.0,Tier2+Tier1B
parC_A469S,0.0,Tier2+Tier1B
gyrA_T408A,0.0,Tier2+Tier1B
parC_S552C,0.0,Tier2+Tier1B
marR_W68C,0.0,Tier2+Tier1B
parC_V358M,0.0,Tier2+Tier1B
